,nid,infectado,antubicacion,ubicacion,tamanio,carga_viral,carga_viral2,infectado_paso,infecte_a,ultdx,ultdy,color,trayectoria
0,0,True,[19.68586326 10.09396194],[19.64846892 10.05935414],1,402396,0,,25,0.3365491094560843,0.31147025444468146,mediumblue,"[(23.93333884252924, 9.30288472353721), (23.377530892719616, 8.656108954622722), (22.458341838129368, 12.872888017520333)]"
1,1,True,[ 3.99919611 21.82256446],[ 3.88979551 22.25920246],1,279062,0,0.0,0,0.9846054041759255,0.561391722029908,cornflowerblue,"[(0.8882844184937151, 22.914270793885088), (6.504883634024619, 21.03409545271258), (5.30608823327875, 22.872192183187373)]"
2,2,True,[13.91069522  9.05195461],[14.24120021  9.32885381],1,408063,0,0.0,0,0.3305049904795082,0.35601325369698267,deeppink,"[(10.287570830923386, 12.98196857782494), (9.866649391918763, 12.979516581364837), (13.813969989526115, 10.250068093962087)]"
3,3,True,[21.52215297  8.58541975],[21.79764234  8.67867501],1,357779,0,0.0,8,0.35420062271697317,0.16785945360847665,goldenrod,"[(24.972165080550095, 4.997109377020692), (24.284105996240466, 7.662232818163674), (22.27147492214133, 9.898780854359103)]"
4,4,True,[16.43540617 20.82321984],[16.53806807 20.39198229],1,334583,0,0.0,0,0.18479141614891548,0.7762275930400725,mediumseagreen,"[(20.576478299114253, 23.00316180247896), (16.762238547746442, 24.937916192072883), (18.028278605240107, 23.880864666692776)]"
5,5,True,[18.14467784  2.13145478],[18.7620516   2.12361044],1,331619,0,0.0,6,0.7937662572779741,0.07059899690196836,peachpuff,"[(20.96515793974905, 1.3536844899246878), (21.802775506137774, 1.7850694030096381), (17.88666752976828, 4.299385934559711)]"
6,6,True,[ 8.18347233 20.59726939],[ 8.27538612 20.73672186],1,308447,0,0.0,0,0.82722407099803,0.41835741184908737,palegreen,"[(8.971078903633535, 22.389496721283816), (7.87491912163358, 19.616607522588588), (7.0407943641662625, 19.623011361715996)]"
7,7,True,[5.6561344 3.4239685],[5.67132507 3.34954383],1,323261,0,0.0,0,0.13671608110144717,0.6698220290607687,lightgoldenrodyellow,"[(6.021329440080602, 1.4554567871033366), (5.927733292917591, 1.468716322766127), (7.068738913393337, 3.3542671009463176)]"
8,8,True,[11.81721889  9.36201349],[11.15993821  9.06660352],1,483088,0,0.0,18,0.845075156369519,0.5317379558245192,lightgreen,"[(17.90251792890819, 11.78388600213835), (15.386131693192137, 9.062488222968158), (12.338611390843221, 10.12382443330327)]"
9,9,True,[22.50054292 19.73001489],[22.57460925 20.60864214],1,431413,0,0.0,0,0.6665969566855947,0.8786272450577298,azure,"[(19.77680509964612, 23.39757230304981), (18.59469480893145, 22.175143375668366), (19.663561051318364, 20.75532717485676)]"
10,10,True,[24.93661123  1.27167322],[24.28567189  0.97920435],1,239979,0,0.0,10,0.6509393335104693,0.8774066259898212,skyblue,"[(11.818186779696838, 0.9771045145841819), (17.75211256092628, 1.6810983652043523), (23.095410929629328, 0.3610142654799458)]"
11,11,True,[12.20216217 16.77680403],[12.01886121 16.60117993],1,358297,0,0.0,0,0.23567265985963015,0.5268723162365495,orangered,"[(7.430543974567998, 19.28588432888936), (5.4206769983914525, 19.567085090940775), (10.657815881591665, 18.626063311107835)]"
12,12,True,[16.91942969 18.02450399],[17.48697176 17.9488268 ],1,464286,0,0.0,12,0.7296969402210738,0.13621893461211954,skyblue,"[(15.412066511157592, 15.897969776218236), (19.31275754328274, 16.93303418334191), (17.440592512307276, 17.38885839149556)]"
13,13,True,[7.33765902 6.88780886],[7.41772407 6.77850243],1,410535,0,0.0,9,0.24019515339402897,0.9837579105741492,ghostwhite,"[(10.640674414617067, 2.8860482405303505), (6.907257616890469, 7.156350267348115), (5.808457514708944, 7.0877717920729655)]"
14,14,True,[12.20573168 24.81608144],[12.82270095 24.76562488],1,287357,0,0.0,12,0.6169692739991092,0.05045656610205029,azure,"[(13.079300579264958, 17.755330456290555), (13.111958348755511, 19.354756544967934), (12.249382147853991, 22.985225939287538)]"
15,15,True,[16.69589367 10.12739423],[16.64073833 10.45939632],1,465194,0,0.0,0,0.16546601181903153,0.5976037757530445,lightseagreen,"[(15.074460328968392, 14.008067069237999), (15.063207886562056, 11.526057853394061), (15.49217743630091, 11.211867748342605)]"
16,16,True,[22.7566101  12.76447912],[23.16489663 13.16294616],1,558493,0,0.0,3,0.7349157579899435,0.39846704185482584,darkcyan,"[(19.792812638056986, 11.243617032553857), (18.661334175748394, 13.28477968896589), (20.190585202389133, 12.911827840523703)]"
17,17,True,[3.15393729 8.56198442],[4.14355399 8.59342947],1,374909,0,0.0,9,0.9896167011315378,0.2830054456933325,mediumorchid,"[(9.910923721216797, 12.478229649348702), (8.685016184700446, 9.842141744305351), (7.076287248295637, 9.070899800950228)]"
18,18,True,[17.01993666  5.38325956],[16.9605464   5.36160046],1,457180,0,0.0,0,0.5345123837296817,0.19493189329245675,darkolivegreen,"[(23.714728664162458, 6.750742094249185), (20.796992148854777, 6.296017117520069), (18.468901138414964, 5.277248905514856)]"
19,19,True,[19.4700381  18.48112187],[19.45143238 19.10742022],1,488109,0,0.0,12,0.1674514685973798,0.8052407272873725,teal,"[(17.642561564923977, 18.37730874664693), (18.267039876871607, 20.108984882746014), (18.07136167564748, 19.931195389763815)]"
20,20,True,[9.95153241 5.07237283],[10.21425083  4.76472909],1,432348,0,0.0,9,0.4728931659212732,0.3076437362596235,lightgoldenrodyellow,"[(5.07074226587903, 6.411661295977408), (10.358323139581294, 3.764585758987162), (9.185199326657699, 4.181082162928161)]"
21,21,True,[ 1.02789897 14.19083441],[ 1.12780999 14.60341281],1,239382,0,0.0,7,0.2997330617154489,0.7426411240467681,snow,"[(3.7699745715924635, 17.258910475244317), (0.4386265699437175, 12.735556846457712), (1.0660438631088867, 13.704711265807651)]"
22,22,True,[5.62487673 1.06353434],[5.62108742 0.97149752],1,435116,0,0.0,7,0.004871978603948057,0.8283314139729981,seagreen,"[(3.4750537585916463, 4.242241127275806), (6.204599197831793, 5.020380230584684), (7.180318960544511, 2.795763540552257)]"
23,23,True,[7.17993174 8.59131229],[6.45526164 9.23730822],1,390584,0,0.0,1,0.7246700963159899,0.6459959277100189,darkorange,"[(10.158039561690515, 4.470540905100309), (7.908974076903249, 8.448843047478984), (8.822262189043476, 8.452845444849029)]"
24,24,True,[ 8.51643259 20.36794582],[ 7.603959  20.3902209],1,336892,0,0.0,2,0.912473586401319,0.022275076310573683,sienna,"[(7.979771639104652, 16.52705403990808), (7.328280007217865, 17.309143266712333), (7.684117631031504, 20.47004165778328)]"
25,25,True,[21.66594688  9.40195397],[21.69980451 10.03077031],1,527250,0,0.0,2,0.30471866700484573,0.8084781521041337,lightskyblue,"[(20.06096041214937, 11.410171577252756), (17.41149808485277, 10.415928900789442), (21.86751379741164, 9.422362537366295)]"
26,26,True,[21.89049416 12.40656214],[21.47783673 12.34108039],1,505010,0,0.0,0,0.7427833711666473,0.06548175478148077,darkred,"[(21.992561903279622, 11.170264414640927), (23.547309890602637, 14.204285242442632), (20.96696379335787, 12.492999534486776)]"
27,27,True,[8.21129335 5.93971383],[8.31970291 5.82985686],1,411767,0,0.0,1,0.9756860272967791,0.9887127638162645,magenta,"[(8.556730843489493, 4.446597158933327), (9.566131700011178, 4.48472813058584), (7.792007021585417, 5.308923827990402)]"
28,28,True,[23.20294728 20.83475899],[22.98030169 20.76177311],1,364828,0,0.0,3,0.28625861689660703,0.6568729069735789,ivory,"[(24.11043046958588, 18.131541983338877), (24.380485790090024, 14.553942108084847), (23.39032352515596, 18.381337849631876)]"
29,29,True,[10.62005218 11.91166225],[10.49480461 11.45655869],1,350391,0,0.0,2,0.16103259698686412,0.4551035584746729,blue,"[(9.500828590615336, 12.913660082250505), (8.936066991718187, 14.615047038144885), (8.500597297802367, 12.756895662096245)]"
30,30,True,[20.19920915 23.37095038],[20.47362425 23.27562207],1,507342,0,0.0,1,0.35281941799532945,0.8579548128007347,navajowhite,"[(18.042536058684746, 19.199909383349105), (18.524303277318985, 21.223276202142504), (21.80643299523011, 20.49527339361865)]"
31,31,True,[7.52615866 9.3947289 ],[8.21163641 8.72308669],1,430325,0,0.0,1,0.8813285330813553,0.8635399830367724,powderblue,"[(7.4815381134397105, 4.115111822208276), (5.446915065883247, 8.480561959880324), (5.898270605138916, 9.060423405584277)]"
32,32,True,[11.20013654 17.05169433],[11.04592425 17.06970411],1,386854,0,0.0,0,0.2775821234326664,0.16208798400331204,floralwhite,"[(12.186596518973438, 15.988797033599912), (13.442511927763993, 15.322192341997654), (12.59690862108859, 15.451347637685306)]"
33,33,True,[21.88358844  5.67470412],[21.64001917  5.34723522],1,258359,0,0.0,0,0.4384246816341061,0.9824067120412938,slateblue,"[(23.900593488793596, 1.3957021376827652), (23.862520785261378, 1.3925873784801661), (21.918880464111027, 5.895385796322716)]"
34,34,True,[24.16039749 24.80649896],[24.06963064 24.33399165],1,449806,0,0.0,8,0.8169016005551885,0.6075094045028033,mediumspringgreen,"[(20.858939740895952, 20.049820815351275), (21.76945346816938, 20.167917163703713), (24.392501334230403, 21.480743826033486)]"
35,35,True,[21.38870539  9.10109784],[21.3535108   9.33434378],1,372235,0,0.0,0,0.04525018272820469,0.699737814061406,darkolivegreen,"[(23.21298162746602, 8.94513517431753), (24.294965044227368, 8.542101315214133), (21.37662298598305, 6.112317347685722)]"
36,36,True,[ 1.53446956 21.21274713],[ 1.08330536 21.14141805],1,289790,0,0.0,5,0.8120955576967652,0.09170880760287548,darkorange,"[(2.9372203870622857, 18.180344974986447), (2.383556551526575, 20.86671894192662), (1.4852901179275646, 20.53653649832488)]"
37,37,True,[4.87481039 8.13739886],[5.2605708  8.19347302],1,355384,0,0.0,3,0.385760409260692,0.5046674065064835,lemonchiffon,"[(2.3114466602113803, 9.960221542798312), (1.7758031605178495, 9.448407421720518), (6.055140159066989, 7.149123151407828)]"
38,38,True,[23.72051472  1.46939055],[24.48791343  1.08561842],1,189501,0,0.0,0,0.767398712755867,0.3837721232596505,lightskyblue,"[(23.717922318295546, 1.6753366597244805), (22.224937727306532, 1.2722897195866962), (23.73727465051798, 1.4576381678842503)]"
39,39,True,[21.99577773  6.94632524],[21.70882651  7.05230198],1,465222,0,0.0,0,0.8608536581561378,0.9537906601883324,darkturquoise,"[(23.902371401664105, 14.087280808668552), (19.624054442987536, 11.625038050687994), (21.647980572617048, 8.293521807231608)]"
40,40,True,[18.4656672   1.77080327],[18.44093639  1.78043421],1,292448,0,0.0,0,0.04451546208411694,0.08667846440852889,lightslategray,"[(14.096870314026383, 1.9032213757549403), (17.78910225549406, 1.5715998470218941), (18.17592028594538, 0.12749468337938508)]"
41,41,True,[11.99085301  8.62327101],[11.8411238  8.5350048],1,455404,0,0.0,4,0.4491876290128999,0.2647986097571128,blueviolet,"[(12.34146308508952, 8.461398404053098), (13.563963398203066, 8.040008285651757), (12.984697950704154, 7.734724331703587)]"
42,42,True,[21.24033117 18.31955285],[21.61465595 18.59387229],1,453687,0,0.0,0,0.37432477930729424,0.8229583100007355,slateblue,"[(17.012190790143865, 24.80650027123204), (18.56757655431844, 22.2468106294198), (18.7853514043961, 19.666108139955632)]"
43,43,True,[22.68761675 23.66851791],[22.22290904 24.06881786],1,299358,0,0.0,0,0.8364738846105715,0.7205399180828151,snow,"[(23.07107257051044, 21.912636497928958), (24.493243581196733, 23.95842498628927), (23.84047973913491, 24.001944280198774)]"
44,44,True,[ 2.20552965 22.2143427 ],[ 2.1387302  22.59577796],1,250949,0,0.0,0,0.1202390028982201,0.6865834635613675,palegreen,"[(2.9686476190571756, 14.097604500335454), (1.7290048964728937, 16.910796203301974), (0.5990816492249206, 22.32586531984001)]"
45,45,True,[24.34918189 15.44461815],[24.50482343 15.50039795],1,481476,0,0.0,0,0.46692461958908815,0.5020181846964669,mistyrose,"[(21.991659439738232, 15.70505075303885), (22.834111043804764, 13.593484386296579), (23.26964191335766, 14.997007196294401)]"
46,46,True,[19.33825692  8.75301633],[19.31335686  8.47214718],1,535737,0,0.0,0,0.07470018096055997,0.5055644805571704,paleturquoise,"[(17.025493331441368, 10.924499659042612), (17.539629606904697, 12.246936959448083), (18.591423138411695, 8.48715215375101)]"
47,47,True,[ 1.70164247 15.20886319],[ 2.42254148 15.25184634],1,267304,0,0.0,0,0.9268701559148821,0.042983152293851745,lightsteelblue,"[(1.9971770590652833, 16.065570271991675), (0.9974251384219142, 14.414419721642481), (2.320168261657095, 16.018487629473622)]"
48,48,True,[16.01701139  8.13794309],[15.9516176   8.09976309],1,528178,0,0.0,0,0.5885440704730989,0.06872399942120189,mediumspringgreen,"[(20.332537163294962, 9.068534729737594), (19.877205055882143, 9.822566539646768), (14.587456966530393, 9.824998873897552)]"
49,49,True,[14.22737838  3.61279993],[13.62045197  3.9206682 ],1,310473,0,0.0,0,0.7803339544320134,0.9236048282278938,lightcyan,"[(23.324255087717603, 0.8405938271076396), (17.566013908645658, 1.1974958885276283), (15.841121731179797, 1.594012763152295)]"
50,50,True,[ 9.47062201 18.12142355],[ 9.34718093 19.04390679],1,345506,0,0.0,0,0.37032322803876483,0.9224832391402674,mediumseagreen,"[(19.931666267989428, 21.064851017348825), (11.382896736813255, 24.459833531945005), (9.417058650202316, 19.671476843665648)]"
51,51,True,[ 3.80652124 21.41598943],[ 4.01938487 21.18611197],1,351242,0,0.0,7,0.6385908850758326,0.6896323687682689,thistle,"[(7.170362764834458, 20.71124950119868), (5.9040564237335715, 20.20212771894048), (5.729750060501304, 19.968583649183863)]"
52,52,True,[16.14544524 10.71246538],[16.3963897  11.06398073],1,464804,0,0.0,0,0.7528333722440007,0.45194830783475193,aquamarine,"[(17.145414144093287, 6.2924282271272824), (15.663327332010207, 4.8407401944174335), (14.710311772288035, 9.264877283646166)]"
53,53,True,[23.32877089 15.01927255],[24.0205665  14.98608794],1,376191,0,0.0,0,0.8894514901312794,0.042665924774791586,linen,"[(24.83455423429858, 23.113472005707177), (23.268444638461457, 16.967010577228752), (23.86560156360944, 16.011771617806552)]"
54,54,True,[24.51943226 18.14144484],[24.2043863  18.03688896],1,368096,0,0.0,0,0.9451378630596492,0.9410029449513942,darkolivegreen,"[(23.252122468440895, 15.402443341772297), (24.217223282471686, 17.26169170890142), (24.400220923706602, 16.490237766785235)]"
55,55,True,[ 6.02680837 15.98994432],[ 6.03778678 16.00615007],1,434452,0,0.0,3,0.03293522716010222,0.14585172299088078,fuchsia,"[(3.889445049270138, 8.592276973523651), (6.567684635317447, 12.770687247244439), (6.732977018291124, 15.023591684828997)]"
56,56,True,[20.71888139 19.49532258],[20.64243186 19.53155079],1,363200,0,0.0,0,0.688045801422005,0.06521078224050869,paleturquoise,"[(24.988735265427945, 23.918688395522498), (21.824999954589117, 24.410964396288065), (20.545826486103827, 22.473883517156526)]"
57,57,True,[20.8274402  23.41929308],[20.78318504 23.08690281],1,347534,0,0.0,0,0.3982964842545694,0.4273589165877264,oldlace,"[(24.669246202173277, 12.20002947118755), (24.061409613886504, 24.131447312541987), (20.86583007413466, 23.034186068091422)]"
58,58,True,[ 2.18196806 19.85143055],[ 2.36535814 19.59711761],1,277768,0,0.0,2,0.18339007632081594,0.326973776229856,seagreen,"[(3.9587789431232556, 20.728262008073198), (1.6162070000174102, 22.88702827404337), (2.244370591583326, 19.904961146261982)]"
59,59,True,[0.10911293 8.92798444],[7.35887609e-03 8.71485889e+00],1,310763,0,0.0,1,0.531871209085426,0.0526898388502538,whitesmoke,"[(0.9966621841616223, 9.651472229317003), (3.0270000181284944, 10.898727738771175), (0.3703045287756479, 8.376091974968942)]"
60,60,True,[ 6.88725724 13.79677   ],[ 6.92693077 13.49052121],1,378670,0,0.0,1,0.3570617996082487,0.9187463870635689,gold,"[(6.069442714176273, 13.544593086911886), (8.52762657377719, 13.79755154418563), (8.082195351461623, 12.533783125780198)]"
61,61,True,[20.61086756  6.13551285],[20.52409243  5.76117356],1,452046,0,0.0,1,0.7809761363642529,0.673810717450136,darkslateblue,"[(18.35940329075977, 2.7806062718946523), (16.801521864319792, 2.869793309648383), (15.866660106254674, 6.288824311765153)]"
62,62,True,[ 2.21270253 14.38934004],[ 2.70882991 14.41183441],1,313308,0,0.0,0,0.6378780612739857,0.06748311976154031,darkorange,"[(20.912854170040443, 24.964708570019), (24.613776811308266, 24.888625053108086), (0.7971812092708812, 17.024379166364927)]"
63,63,True,[20.84830954 12.07742332],[20.91600719 12.14755026],1,430809,0,0.0,0,0.6092788422127344,0.6311425189328661,tomato,"[(21.88589442890989, 21.331875729743807), (24.6829660803897, 22.21200350418), (21.005119571300195, 15.805360543019596)]"
64,64,True,[16.91836663 13.0374088 ],[16.92602573 13.36300106],1,512736,0,0.0,0,0.02297729259710224,0.9767767525334546,turquoise,"[(18.248147630865798, 9.991547092184883), (15.973234932255602, 10.458766572771513), (16.729656243792462, 11.604860559909085)]"
65,65,True,[24.18881181 23.04625348],[24.23051625 22.94486798],1,419397,0,0.0,0,0.07506799976642786,0.3041565262761676,sandybrown,"[(23.08136518422535, 23.673476502636188), (20.238277653993784, 23.086252412224702), (21.978050594110133, 21.694911602187823)]"
66,66,True,[22.64287783 21.90040048],[22.14675288 21.97856888],1,443361,0,0.0,0,0.8930248971726776,0.23450521203027686,whitesmoke,"[(17.04500830223812, 22.991501683521285), (17.699518730311173, 20.757195929827322), (21.48030813899823, 21.344405007207477)]"
67,67,True,[13.03794178 24.54245014],[13.11333267 24.52041316],1,235967,0,0.0,0,0.6785180288136228,0.1983327648699147,royalblue,"[(3.7927383542022635, 22.149874092458166), (1.7578185826981367, 24.113322932141653), (2.3930412590768935, 23.117046483694978)]"
68,68,True,[22.13221599 16.19233629],[22.33917496 16.16156542],1,421674,0,0.0,0,0.6208769217906038,0.09231261999221696,lightsteelblue,"[(22.79859956497512, 17.95120949592601), (22.69572312437162, 16.819437304169544), (23.466783796692656, 15.06153963682808)]"
69,69,True,[21.8933243   8.73338479],[21.46357038  8.4542391 ],1,409684,0,0.0,0,0.5525407577919174,0.8374370819649362,grey,"[(23.321098647752734, 13.01643155003792), (22.38202327448385, 13.651982381874705), (22.609070458172198, 9.652435899626287)]"
70,70,True,[2.74808458 0.80044663],[2.35523581 0.7910481 ],1,342278,0,0.0,0,0.7071277834028571,0.08458681868563711,goldenrod,"[(5.553181230179256, 1.8171496719005753), (5.344913160267283, 4.428196693532166), (4.007808654382547, 0.19363635833167236)]"
71,71,True,[ 2.01338182 23.63782426],[ 1.92288096 23.88349037],1,315709,0,0.0,0,0.16290154306572957,0.31585643496037996,darkviolet,"[(20.338433715187477, 24.14286730879076), (21.542082264193866, 24.00546431237607), (1.7047013650472849, 24.02274372885348)]"
72,72,True,[10.38346298 20.19638178],[10.46664762 20.222346  ],1,266509,0,0.0,0,0.7486616844940199,0.0778926484559278,beige,"[(13.913173795101466, 23.95859038413388), (12.928595026839757, 23.36080500551547), (11.373277653182534, 19.82316899688404)]"
73,73,True,[17.54877013  8.46722416],[17.49792984  8.85898981],1,546287,0,0.0,0,0.457562636432435,0.39176565731430035,mediumturquoise,"[(18.065329910051865, 10.089729763722826), (16.815585246205004, 8.89516010332301), (16.301986016381825, 8.717757208044405)]"
74,74,True,[13.08246279 11.20286633],[13.31620825 11.14593057],1,500090,0,0.0,0,0.420741831345548,0.5124218563459572,dimgrey,"[(17.217473691029433, 12.012699801963102), (17.25757352345188, 12.584560437148678), (17.32078501445506, 11.99569036085106)]"
75,75,True,[23.74480616 12.51197568],[23.76169678 12.63592388],1,388455,0,0.0,0,0.1520155326921745,0.12394819897645137,chocolate,"[(22.091727278912483, 11.948404529654386), (23.97210541941697, 12.316383354784687), (24.631536955700966, 11.43851292732651)]"
76,76,True,[19.32261251 23.59936661],[19.44074218 23.44648664],1,437269,0,0.0,0,0.11812966862341423,0.45863989325586463,limegreen,"[(19.87049677576942, 20.669552475009464), (20.369267475264056, 21.43576414998274), (20.869241761796943, 24.853495526043325)]"
77,77,True,[ 3.36417134 10.36115683],[ 3.43525843 10.08014143],1,389547,0,0.0,0,0.07108708511406159,0.8430461754944398,aquamarine,"[(0.921927568446496, 5.490768307040982), (2.7571535452023626, 10.323107335494141), (3.3764200915587295, 11.23970429756213)]"
78,78,True,[20.86124685 21.0442764 ],[21.1224548  21.02017502],1,496692,0,0.0,0,0.7836238329963442,0.21691246188117308,aqua,"[(15.734631956039053, 17.106301645699936), (17.42381321635666, 16.642692012506405), (19.88872455963241, 19.447555796385537)]"
79,79,True,[16.26463541  7.43465301],[16.00528319  7.37751164],1,469577,0,0.0,0,0.778056683414992,0.5142723778658544,cornsilk,"[(14.967279942078617, 13.109403150709099), (16.4362870530065, 9.705892091150382), (14.782466890698572, 8.797665101615005)]"
80,80,True,[ 3.39186945 18.98524407],[ 3.34023347 19.08972018],1,301523,0,0.0,0,0.06638912470400771,0.3134283568018773,rosybrown,"[(1.9171183537590104, 22.97531016316326), (3.9510949779351177, 22.088357015778126), (3.5521567189830217, 19.936976353357046)]"
81,81,True,[24.95536988 19.64042016],[-1035.59018634  1388.54406365],1,366183,0,0.0,0,0.3369573907862493,0.6076996209947324,chocolate,"[(22.067324062966566, 22.841315513555063), (20.139051593242097, 23.956592263661285), (24.599269204379787, 24.19761714674295)]"
82,82,True,[0.77661637 6.3885918 ],[0.49522991 6.33332846],1,326854,0,0.0,0,0.5064956287521355,0.49737007778018627,darkorange,"[(3.0128028149781843, 8.908156591947671), (1.9924150490475507, 8.728675858954498), (0.47218469438229027, 6.557917054183546)]"
83,83,True,[17.40278051 12.07948199],[17.39925906 11.17809657],1,456199,0,0.0,0,0.03169303445169103,0.9013854246398778,lightgoldenrodyellow,"[(17.048028839932073, 13.763780321987488), (17.63227154341302, 15.633539239661216), (17.079855354231835, 12.928644161378406)]"
84,84,True,[ 4.62094888 24.78861586],[ 4.15831238 24.65332998],1,240532,0,0.0,0,0.46263649626102676,0.24351457437660207,darkgreen,"[(5.944554411240136, 23.675766113101012), (6.351272850254431, 24.58674995589419), (7.280438124452521, 24.810564645899817)]"
85,85,True,[20.26749768  9.12112231],[20.58236199  8.80474563],1,548288,0,0.0,0,0.4048255347028481,0.5694780139666984,blue,"[(19.10087415742234, 8.045702884481422), (19.182094501113347, 8.120502255811674), (20.339399418438816, 8.745156169082227)]"
86,86,True,[11.71774892  1.00878126],[12.42219965  1.52155918],1,299239,0,0.0,1,0.7044507344388439,0.6592859060069625,blue,"[(16.13269632276849, 1.7632202791059646), (16.440785111455238, 1.522399646596811), (12.612525605073516, 1.3320307660082011)]"
87,87,True,[ 4.14964568 10.11286132],[4.10854864 9.91240238],1,342524,0,0.0,0,0.3698733355666839,0.6013768478498162,pink,"[(0.14735600505727153, 4.992090890695022), (1.8313658031087625, 9.591394091765366), (3.1587473692352597, 10.93172538566994)]"
88,88,True,[24.03745958 11.05699211],[24.3421447 10.5913171],1,372937,0,0.0,0,0.3046851162546257,0.8382150259059634,mediumorchid,"[(22.373725924797473, 13.042296135605591), (23.47879330797946, 11.566476934296476), (23.908889203591897, 11.297126410982594)]"
89,89,True,[22.38049846 20.87916935],[21.99182435 20.93935029],1,501280,0,0.0,0,0.38867411486742154,0.06018093991825535,slategray,"[(19.993737924500845, 15.076038819086659), (17.769283339690737, 16.217061863259957), (22.84013122915264, 18.45273962416224)]"
90,90,True,[ 6.54860336 22.34833206],[ 6.53939357 21.83013717],1,239897,0,0.0,0,0.08288813674124462,0.932750796860547,darkcyan,"[(0.10952927060208117, 24.018049748187316), (1.6751266098724966, 24.877660261019294), (5.718139101894972, 24.340741777264128)]"
91,91,True,[15.66351155  6.53136102],[15.94021582  6.84259122],1,506591,0,0.0,1,0.8301128042273357,0.9336905941347046,bisque,"[(15.931538376634677, 5.616406091282709), (17.579209789076135, 5.282372423957031), (17.155212669253952, 4.760147195774948)]"
92,92,True,[18.10244651 16.58631447],[18.54149563 16.62794523],1,472347,0,0.0,0,0.7902884022954112,0.3746768794309705,pink,"[(14.283978074542773, 16.719449392927068), (19.150812441656846, 18.428671766966758), (17.371459784465703, 16.452203986705584)]"
93,93,True,[18.75018373 13.32466914],[19.24595306 13.32106029],1,512557,0,0.0,0,0.6374177113216536,0.03247958595083811,lemonchiffon,"[(15.470002855483276, 21.913211296119748), (15.635748943921154, 19.663284324558262), (19.714698249984068, 14.643771226399918)]"
94,94,True,[24.04681316 10.93530844],[23.56299768 11.77749409],1,447379,0,0.0,0,0.8708678569245226,0.8421856554627783,darkgrey,"[(23.18372777424326, 13.623843806256271), (23.213953228539864, 11.768900510982563), (23.18697774499213, 11.59860386335298)]"
95,95,True,[2.51922898 1.34561939],[2.13923605 1.72870949],1,246472,0,0.0,0,0.6839872628487355,0.383090106237549,hotpink,"[(24.94738811310542, 2.947764863338207), (1.9928138586587718, 0.4456153183338698), (2.4124102769933264, 2.0320104794430387)]"
96,96,True,[2.52000833 0.72827748],[2.78487125 1.26988138],1,398814,0,0.0,0,0.7945887732275561,0.5416039014845896,silver,"[(5.260219378635126, 4.290929641643852), (4.837552375579892, 4.3675778251377), (5.629267574629242, 2.5654373808403674)]"
97,97,True,[15.30324265 14.01701078],[15.28683287 13.92290931],1,414330,0,0.0,0,0.14768804493826493,0.16938264487503896,dimgray,"[(14.805159234545474, 15.934151265872272), (13.6684690883794, 15.111850291916108), (14.798615648142032, 12.903468058785858)]"
98,98,True,[ 1.50255557 23.17344909],[ 0.99937621 23.11020197],1,225993,0,0.0,0,0.9057228565057518,0.113844810974285,tomato,"[(0.0763289440534426, 23.50655770561326), (1.5414504403673344, 18.82869881451029), (0.3660635592119017, 24.90612408064586)]"
99,99,True,[22.50131437 20.96266717],[22.52608224 20.84141005],1,458786,0,0.0,0,0.22291088063990738,0.21826281800255198,darkslategray,"[(16.89556345676407, 23.999043636233385), (19.767134089000947, 23.06395232558868), (20.375195060278045, 20.458624867768677)]"
100,100,True,[12.82935435 21.35933991],[12.45043679 21.20737586],1,349988,0,0.0,0,0.6820515916953301,0.45589216684211076,wheat,"[(12.931710275258887, 19.820277811926104), (14.728531450162924, 20.07817778800608), (11.10429334221591, 20.38512049972693)]"
101,101,True,[16.62721532 18.34564781],[16.57082311 17.38714081],1,516393,0,0.0,0,0.5075299356331031,0.9585070014120138,firebrick,"[(20.772636914665256, 13.896187325215294), (20.52852719578445, 16.339412659653654), (18.30107415773385, 16.229095905096482)]"
102,102,True,[15.47033886 12.07797609],[15.25343592 12.28764995],1,457749,0,0.0,0,0.39042530272050524,0.37741295779104844,pink,"[(15.02575684521796, 7.697778298109361), (16.47177586605648, 8.643200500440571), (14.650111064164275, 10.77029923910072)]"
103,103,True,[2.11527262 7.8048405 ],[2.03957679 7.69943272],1,446842,0,0.0,2,0.22708751042938125,0.13552428507310232,salmon,"[(5.783501015548646, 8.985605768056057), (5.174781413625475, 8.329845332237067), (3.086190642444757, 5.286769752924294)]"
104,104,True,[ 4.26820919 16.74718678],[ 4.29614512 16.39797585],1,435641,0,0.0,0,0.0502846666071699,0.6285796717625339,aqua,"[(5.727206542044305, 13.134763808239715), (3.2162261892674, 12.770293835379082), (5.182734911356198, 14.72868630865395)]"
105,105,True,[21.3737924  14.27453109],[21.64534821 14.04771221],1,395608,0,0.0,0,0.8146674113808408,0.6804566419161554,palevioletred,"[(23.255039161135983, 11.981860478207285), (24.43432355502831, 12.52561337956266), (23.39291451971008, 13.231969097207399)]"
106,106,True,[1.82196143 4.50436698],[1.85962759 3.67620821],1,365317,0,0.0,0,0.33899546877708864,0.8281587636390214,lime,"[(3.221406803130802, 3.924588204402706), (4.97071508859051, 4.005521597456396), (2.318621881939011, 2.181846097421394)]"
107,107,True,[1.50420968 6.64204238],[1.10102669 6.42219939],1,349015,0,0.0,0,0.5183781341986776,0.6595289868009725,goldenrod,"[(3.2078612850012105, 11.086666940233389), (2.75579923043242, 10.920817344578724), (2.050000595746012, 6.82422476695055)]"
108,108,True,[10.39441898 18.86203384],[10.46134429 18.75778421],1,337975,0,0.0,0,0.20077594033513435,0.9382466648890103,orchid,"[(11.192385332938745, 21.066214608586918), (12.919773870654947, 18.13264576829599), (10.40007671373682, 18.795054680911896)]"
109,109,True,[21.79268873  0.81696534],[22.04499253  1.16640076],1,190151,0,0.0,0,0.3243905995883193,0.34943541468912576,palegoldenrod,"[(22.31335812199891, 0.34978879907781435), (22.622294271262962, 2.139354310205845), (20.874444476103754, 1.2661758634239462)]"
110,110,True,[19.06989711 21.80799473],[19.04455074 21.85536549],1,326046,0,0.0,0,0.22811738203325205,0.14211230672525854,limegreen,"[(24.833654832961518, 22.981049436604263), (22.774202109046637, 24.087832605219162), (19.98960155197609, 23.700721329124484)]"
111,111,True,[24.84475395 19.26496921],[24.88704206 19.3786177 ],1,312518,0,0.0,0,0.3805929846658277,0.34094547760614835,springgreen,"[(24.560510996160698, 3.1922623883814265), (24.472287506465797, 6.550094087989798), (24.956489669953708, 18.299617320024897)]"
112,112,True,[23.37919725  5.70416249],[23.53115223  5.68881448],1,309368,0,0.0,0,0.45586494245215436,0.046044035626036206,tan,"[(22.67563671994385, 7.917964503302619), (24.47376924077594, 6.909206593069862), (23.03841288891205, 6.103698336456298)]"
113,113,True,[12.33221316  0.13281643],[8.90988065 0.10226234],1,299782,0,0.0,0,0.00544821751110347,0.33388700555525397,lavender,"[(17.45331322618744, 0.326880432658486), (15.92795205985079, 1.7310027218825519), (14.48593713049573, 1.2899608657429615)]"
114,114,True,[7.62226279 9.61078474],[8.33657708 9.88875186],1,420984,0,0.0,0,0.7143142814849678,0.2779671245451304,darkslategrey,"[(8.473759595939706, 9.295239675296894), (6.39150615385794, 9.16591195588914), (8.478118080822249, 10.991300703784406)]"
115,115,True,[ 6.19564701 16.25870832],[ 5.88972806 15.59301777],1,359527,0,0.0,0,0.9177568459163117,0.6656905467388006,violet,"[(8.325945346090283, 18.659969740527366), (9.949276011299755, 17.35665239902772), (8.631982068124996, 18.017198465155154)]"
116,116,True,[20.09485003  7.53496502],[19.78056344  7.69181127],1,502813,0,0.0,0,0.5657158751750754,0.47053873190321993,purple,"[(21.913848769864792, 9.697288974443964), (21.92875072042465, 9.856945836693955), (19.876778434761967, 6.822268135952674)]"
117,117,True,[ 0.91294412 11.79865323],[ 1.29089915 10.91545641],1,281423,0,0.0,0,0.3779550230498413,0.8831968249034022,darkslategray,"[(7.266055407024812, 3.170513024622833), (0.09419860279590508, 2.9872090229997417), (4.843951564472626, 24.50231811714941)]"
118,118,True,[24.8460045   2.22293834],[24.9520656   0.79547351],1,206791,0,0.0,0,0.4253652385167679,0.6877655476471115,slategrey,"[(9.978212625935305, 24.103665008052985), (0.33188706566714943, 20.885862636411446), (24.40251003520669, 4.799522676438161)]"
119,119,True,[ 5.09001908 14.99874368],[ 5.13667257 15.90115993],1,348173,0,0.0,0,0.4198814197194972,0.9024162466204814,sienna,"[(3.2986743416427577, 10.100854356956848), (0.6313032249576047, 11.61435957807318), (3.810855794941614, 13.793002903038198)]"
120,120,True,[17.92166481 19.33012426],[17.38232221 20.09094799],1,435979,0,0.0,0,0.5393426018617236,0.9782019403539497,blueviolet,"[(18.921449585498944, 23.756705142319554), (18.190845292023827, 20.98082496862286), (17.65484401140399, 20.944920740101285)]"
121,121,True,[14.76779131  2.22854001],[14.46793605  1.5641607 ],1,281064,0,0.0,0,0.5397394751507449,0.8542019740532631,lightpink,"[(14.141947905354517, 0.8207228617273714), (13.330277245935584, 0.00518856594984396), (14.463333996642634, 0.888354238475177)]"
122,122,True,[ 1.35998023 18.85160114],[ 1.90616974 18.97173416],1,280820,0,0.0,0,0.5461895081188389,0.36039905336312306,azure,"[(6.086413455408097, 24.928889850411483), (2.099077333599512, 21.879011071642573), (1.8273931935630603, 19.980854588161286)]"
123,123,True,[ 5.63640375 10.31331432],[ 5.69366011 10.55738573],1,371358,0,0.0,0,0.10306145020046242,0.7322142343463178,hotpink,"[(1.0391527038706938, 5.92411833880039), (1.5302734365517083, 8.310103737265976), (4.126999036576112, 9.943599519965275)]"
124,124,True,[7.19041799 1.96771492],[7.20538016 1.9397178 ],1,430136,0,0.0,0,0.13465956505003351,0.05039481204889773,moccasin,"[(7.327080898374957, 5.686867698763727), (7.223788644551961, 4.1645932659590414), (7.297580934219225, 3.4883907057690546)]"
125,125,True,[ 0.78313264 12.9139806 ],[ 0.32693505 12.86447109],1,266871,0,0.0,0,0.45619759541393856,0.04950951821793981,darkkhaki,"[(4.521466159886622, 15.399297088841212), (0.29321237091009333, 14.315120897181302), (2.3665967210028174, 14.481311358649014)]"
126,126,True,[10.77830569  8.04210863],[10.68719614  8.08799046],1,446344,0,0.0,0,0.8199859566696452,0.41293647752272333,palegreen,"[(13.942968880065827, 7.7340156945992895), (14.099827301139163, 7.8553097934610925), (11.2974767377963, 6.325348830094661)]"
127,127,True,[ 6.84167841 10.96244859],[ 6.87557998 10.38374338],1,406165,0,0.0,0,0.3051141220737308,0.578705209200968,darkslateblue,"[(10.922764764193614, 13.009213463762919), (12.47372241920994, 13.329124856962316), (10.838783532816734, 14.27578713639723)]"
128,128,True,[21.62446842 13.89262327],[21.66250515 13.41216591],1,559917,0,0.0,0,0.3423304975022219,0.8648232400944833,seashell,"[(22.624171321543994, 13.893337293331786), (20.84320684748827, 14.045041873750119), (21.436589101055986, 12.999522683383221)]"
129,129,True,[ 0.20520498 10.9856136 ],[ 0.14496775 11.62831813],1,259026,0,0.0,0,0.1807117087345964,0.6427045332441754,purple,"[(3.6931619340378115, 2.0809426651373246), (1.3471401910177612, 0.9854355388179546), (0.27677777967330575, 8.227649185975398)]"
130,130,True,[11.25945462  0.27208482],[10.78587267  0.55345923],1,279411,0,0.0,0,0.8524475244164151,0.28137441154818366,darkgreen,"[(20.147935894409386, 1.1694011061788996), (20.422031240587458, 0.4864534436077169), (19.45698313898799, 1.6197259676140092)]"
131,131,True,[4.37285566 3.50018024],[4.62523138 3.16149625],1,426343,0,0.0,0,0.45427629693731464,0.6096311884290172,darkgray,"[(1.0508174733144258, 9.103318423713127), (4.4984665250932006, 5.80768673397914), (5.326068196782577, 2.964024621191138)]"
132,132,True,[5.26892791 4.70493264],[5.04472225 4.70648755],1,427085,0,0.0,0,0.6726169822960412,0.013994225488570766,lemonchiffon,"[(3.1792019091479684, 9.964062413079132), (3.9154639327015874, 7.62075878764894), (4.257613450596835, 7.735246906796096)]"
133,133,True,[ 0.93874938 14.71427955],[ 0.64035649 14.47086263],1,241430,0,0.0,0,0.3836479916334422,0.7302507484386751,midnightblue,"[(2.484994251995667, 17.981498377307243), (0.3292420212386453, 16.60044221592963), (1.7375111158561383, 14.425111430219662)]"
134,134,True,[ 4.61550599 15.41834244],[ 4.54624244 15.76386428],1,362281,0,0.0,0,0.6233719862203845,0.4442423671831772,aquamarine,"[(9.314597883453438, 13.480146973789703), (9.400225745287475, 13.78132788509645), (8.893467901294068, 15.950946061773475)]"
135,135,True,[ 5.57110309 21.84987738],[ 5.56315328 22.21081182],1,279129,0,0.0,0,0.014309646414907284,0.36093443971968864,darksalmon,"[(0.7872903635619581, 22.95396376140849), (2.6644584755307132, 23.354975380447378), (5.111859771162172, 20.848459022309694)]"
136,136,True,[24.76230408 24.64337555],[24.96297855 24.49101656],1,345933,0,0.0,0,0.6020234199618971,0.19589012520345384,lightblue,"[(24.821625805759638, 15.795989104369466), (24.10557908055092, 12.297353831586909), (22.892704456202765, 24.329702259995255)]"
137,137,True,[10.14179008 22.66117768],[ 9.79285897 22.38608598],1,258613,0,0.0,0,0.34893111092436835,0.27509170418130036,blue,"[(13.908227888109105, 21.468198345977655), (10.843332175238624, 22.79189781000474), (9.956236458383904, 20.57702180172198)]"
138,138,True,[12.56145818  3.39097396],[12.37339144  3.84601548],1,319391,0,0.0,0,0.3385201384352352,0.45504151853560715,white,"[(21.196251227329792, 0.1335894761578338), (14.61476097730685, 0.9606342597166264), (14.379190204312385, 5.264263378306505)]"
139,139,True,[16.59906562  6.24610349],[16.77513116  5.78605092],1,488026,0,0.0,0,0.5281966176460715,0.8280946289427176,lavender,"[(13.98531947353628, 5.284746826486635), (13.596098432798666, 5.534286824408168), (16.75431423972897, 4.855238295213584)]"
140,140,True,[ 8.56309829 22.54174408],[ 8.98700254 23.01437594],1,329429,0,0.0,0,0.4239042464472247,0.850737348848967,navy,"[(19.8975106832285, 24.020017260149558), (22.716874136455655, 22.961684484908613), (8.882323689184576, 24.949275201861205)]"
141,141,True,[0.91120646 1.28892747],[0.97438874 1.41152215],1,252971,0,0.0,0,0.18954681997618006,0.15762173325291184,mediumaquamarine,"[(0.16503705940526886, 3.800756024298585), (2.0532668251258954, 1.611510206550018), (0.674026836948712, 0.6738846112739503)]"
142,142,True,[ 6.78317652 15.07278329],[ 6.94688365 15.14510886],1,382115,0,0.0,0,0.49112138271933814,0.650930132055046,darkorchid,"[(6.398206801451085, 11.212664537779599), (5.565998957867356, 14.072287477409736), (7.020977393276201, 14.836043125168338)]"
143,143,True,[20.14044914  4.43988897],[20.33941998  4.34813018],1,487697,0,0.0,0,0.3581475108061858,0.8258291122998738,forestgreen,"[(14.511513163269752, 10.092380513029324), (15.118944310047583, 6.825924960981416), (18.359792470818412, 7.118497652823461)]"
144,144,True,[23.73802747  5.08216304],[23.93729154  4.91030996],1,238427,0,0.0,0,0.5977921952143849,0.3093355361829826,rosybrown,"[(21.883775736530815, 1.288682227545205), (20.707174722381932, 1.9876651592719794), (21.722924392254694, 2.583417638841874)]"
145,145,True,[1.82741516 7.94869223],[2.35216197 8.35033112],1,308193,0,0.0,0,0.9445442516921377,0.7229500159765185,whitesmoke,"[(0.08990005718034766, 7.41141823426557), (1.844408174180725, 7.819884690900945), (1.35649469363015, 7.237807299889928)]"
146,146,True,[ 4.25153544 21.97128499],[ 4.20156345 21.87788765],1,310830,0,0.0,0,0.04997199310145228,0.16811520669579905,ghostwhite,"[(4.1402852523680895, 21.0133210773734), (3.1527833100391085, 20.91615687678771), (3.754033053618603, 22.759208253109183)]"
147,147,True,[ 5.57606378 10.96724841],[ 5.50895145 11.01084257],1,399485,0,0.0,0,0.06711232240090281,0.1307824959700271,saddlebrown,"[(7.453430415022884, 8.075097686088824), (8.212682724268905, 11.596258418568542), (7.432529267906996, 10.917394528123353)]"
148,148,True,[19.63076985  2.62980548],[20.17573346  2.75616696],1,439362,0,0.0,0,0.5449636018059967,0.1624647587197876,slategrey,"[(21.9974584166356, 4.50904689752702), (19.50254993793192, 4.1631797672041495), (20.433317870083627, 4.935651032458)]"
149,149,True,[ 8.0011996  14.53209487],[ 7.72523848 14.59214291],1,402616,0,0.0,0,0.8278833834225775,0.540432436938205,whitesmoke,"[(8.890630355345946, 7.254346195900929), (10.38289433364232, 9.625215990499761), (7.6890619133524964, 12.28218204586509)]"
150,150,True,[16.63338011 15.29447785],[16.66313881 14.80296611],1,529640,0,0.0,0,0.2678282829199079,0.8847211389080099,red,"[(19.778789476000053, 9.836627590117944), (17.406037580482867, 11.46527717781063), (17.506123227945878, 13.674111453007036)]"
151,151,True,[8.38253517 0.56714176],[8.91409148 0.74515031],1,288346,0,0.0,0,0.5315563040424548,0.32041539959432874,darkcyan,"[(6.935499090782786, 1.5580328521894813), (9.933016283623289, 0.5733971986438248), (9.495047693096534, 0.5781332611950726)]"
152,152,True,[18.85037667 20.11360809],[18.53226261 19.65216116],1,531644,0,0.0,0,0.4090037956457352,0.5932889096845114,blueviolet,"[(21.122304356026415, 19.303375240332798), (20.350298778474695, 20.32721838481866), (21.279726009375164, 21.362189609834026)]"
153,153,True,[5.33033396 0.62710625],[5.62922173 0.56582035],1,265931,0,0.0,0,0.8966633170259514,0.5515731382224518,orchid,"[(3.863524304642225, 0.9236742861996486), (3.6263781681521357, 0.3907065280103945), (5.250008901235315, 0.2881524354741357)]"
154,154,True,[13.13779701  1.81357055],[13.82686268  1.81409464],1,284039,0,0.0,0,0.68906567244187,0.004716809966116786,limegreen,"[(16.623691764312255, 1.1202749108456), (14.624978404421354, 0.11381683906113194), (14.512677391156876, 1.4523719043954453)]"
155,155,True,[0.28756191 0.88553079],[1.05752377 0.88654929],1,354317,0,0.0,0,0.7699618618271413,0.0030554924233598957,darksalmon,"[(15.022293515267545, 3.4566645467902393), (14.388517136565298, 4.011511044720395), (16.999831612311734, 0.1929033225764074)]"
156,156,True,[ 3.67493756 14.08074537],[ 3.76017891 14.11171462],1,321207,0,0.0,0,0.1095960199022964,0.2787231944710892,darkred,"[(6.250230981965671, 0.911706491068685), (0.008609071046727035, 12.225915660327802), (4.318545236168053, 13.757640478834244)]"
157,157,True,[16.73631262  6.90025767],[16.83190419  6.85231869],1,501687,0,0.0,0,0.8603241910203262,0.14381694163463665,dodgerblue,"[(16.798111199392988, 9.89246115002555), (16.449101613792735, 7.016821194409539), (16.682420836570955, 5.363208352374984)]"
158,158,True,[8.01471956 1.81862907],[8.01793544 1.87560624],1,313103,0,0.0,0,0.028942906661101553,0.10255890214880936,lightslategray,"[(6.013748173003625, 1.186622592463932), (3.6934214768210323, 2.520469292842924), (8.922250383527308, 0.37390577596680413)]"
159,159,True,[24.83836514 16.40574948],[24.00568183 16.35876038],1,357983,0,0.0,0,0.8326833064490042,0.4229018620469489,gainsboro,"[(24.271360359981458, 19.69607411665578), (24.887162807945188, 20.102157848324243), (23.703175729307308, 17.42273697411139)]"
160,160,True,[ 9.09905568 13.01387469],[ 9.61736024 13.53012026],1,405566,0,0.0,0,0.6663915847228089,0.5162455714489945,darkmagenta,"[(5.547063673666105, 9.797658768816497), (7.272607976484105, 9.627338274893713), (8.657062736027612, 13.739308735274642)]"
161,161,True,[2.62910238 2.38706107],[2.04245049 2.37301995],1,397604,0,0.0,0,0.7542667124101246,0.1263701194840151,yellow,"[(5.706472306647589, 5.99690263123557), (3.616665763157739, 2.599016709554402), (5.067554544141822, 2.470595549412801)]"
162,162,True,[ 5.13759965 13.13239787],[ 5.25290142 12.40289769],1,439757,0,0.0,0,0.2075431851569507,0.9379287970759042,aquamarine,"[(6.283613469802578, 11.131356686523288), (5.96716843905722, 12.677848206484176), (4.931974886288461, 14.434929230483664)]"
163,163,True,[2.40179305 4.43953639],[2.40093403 4.4984835 ],1,291113,0,0.0,0,0.0011044560954450722,0.17684132852662593,darkslategrey,"[(9.018865284142567, 0.5157140743007436), (8.579701437502216, 0.7013877018843339), (0.015303419348215996, 2.5027968125622673)]"
164,164,True,[17.62101284 13.34568743],[18.38292206 13.49332916],1,470137,0,0.0,0,0.9795975631572374,0.26575511410788333,mediumspringgreen,"[(14.04840805936078, 17.35428789418738), (18.986761562152978, 17.00171796546128), (17.610728166424504, 12.324624675627872)]"
165,165,True,[22.30422198  4.11961786],[22.33629614  3.90945749],1,237814,0,0.0,0,0.28866748459027647,0.27020619129580703,springgreen,"[(22.14086023531911, 1.0856690460142862), (23.623646993753827, 2.1315025382322252), (22.035850658217452, 3.6862004732344795)]"
166,166,True,[12.48484258 16.00771446],[12.43258395 15.98591958],1,362054,0,0.0,0,0.0522586304890863,0.028021994299973763,darksalmon,"[(9.16822103887222, 15.858656917608794), (9.322756780756634, 13.397726726283025), (10.801877631108978, 16.188479818078793)]"
167,167,True,[14.25904224 14.47217454],[14.43014134 13.93396876],1,394297,0,0.0,0,0.5132972895572945,0.968770416189281,deeppink,"[(11.510524765183872, 18.610687558788182), (13.892731026647914, 16.18428355895058), (15.643268575290916, 15.903324377431996)]"
168,168,True,[ 5.93973629 22.38159244],[ 6.64056268 22.41401663],1,322220,0,0.0,0,0.7008263875720142,0.041688255372279936,lightblue,"[(5.994016614585434, 22.9571294331419), (4.683875180124545, 20.631158710646886), (5.691777672838928, 23.672262596923677)]"
169,169,True,[ 0.65719629 20.25570383],[ 0.70077888 19.87168781],1,253345,0,0.0,0,0.13074778618609406,0.49373488782084074,bisque,"[(3.5278720971456003, 16.496860316969222), (0.8307215725550412, 16.834316250918288), (1.4184425242548762, 18.566001081806657)]"
170,170,True,[23.99139905 16.38918   ],[24.25605923 16.13965147],1,433191,0,0.0,0,0.7939805347970443,0.44915135202209067,forestgreen,"[(21.30647491869364, 18.433862549354945), (23.673069676270778, 20.199800318093196), (22.795277072115617, 17.44753326034184)]"
171,171,True,[23.11828526 21.78280523],[23.20484772 21.39830292],1,308772,0,0.0,0,0.7790621022295089,0.4943601037528573,moccasin,"[(23.32597392130513, 24.927582470152636), (24.813815830364828, 21.954269975151504), (23.985662248179118, 23.137649775414435)]"
172,172,True,[23.69264616 17.15692784],[23.75942645 17.64576109],1,375902,0,0.0,0,0.6010226540349946,0.6284999007705387,papayawhip,"[(24.708657475950258, 15.684944261263595), (24.318946576453055, 12.13164712538039), (23.526940714017012, 15.788465071025248)]"
173,173,True,[ 2.39958522 11.21351717],[ 2.77085571 11.14058558],1,327496,0,0.0,0,0.6682868763843033,0.09376918640331644,darksalmon,"[(0.22122967113249115, 10.478503573149291), (1.6148195715021312, 11.591650919600632), (2.5372095689597263, 12.035506664217282)]"
174,174,True,[16.95329986  5.37739066],[16.95944978  5.0714332 ],1,433127,0,0.0,0,0.05534926213874236,0.9178723774764196,darksalmon,"[(19.102852892027848, 5.79196181894069), (17.1894023152064, 3.3706882300683527), (16.4809345698896, 1.5915319369743115)]"
175,175,True,[21.3189529  19.16421235],[22.21546416 19.28950411],1,502931,0,0.0,0,0.8965112591538992,0.12529175360142852,moccasin,"[(19.206947228762576, 20.945915126374462), (20.469250875768164, 22.01766758300441), (21.474270661210188, 19.824040958775733)]"
176,176,True,[15.50843626  8.14011194],[15.66869465  7.48697058],1,482134,0,0.0,0,0.2884651137539732,0.839753180313123,palevioletred,"[(10.638753604335806, 5.016479857334032), (14.003080574020053, 4.836079083827281), (15.065395403186788, 7.2179812000249175)]"
177,177,True,[5.35080034 5.80513412],[5.1875068  5.38460386],1,321086,0,0.0,0,0.2099488301412209,0.7569544647217249,darkslategrey,"[(3.4497569602009217, 0.024417427434492878), (3.5592767370480773, 2.1922053360217473), (6.260073320937181, 3.9074921511880336)]"
178,178,True,[14.08964436  7.18314375],[14.56285522  7.20494298],1,465001,0,0.0,0,0.8517795488437905,0.03923862096572728,mediumspringgreen,"[(15.845108452817758, 6.523883851342306), (16.92870164081634, 9.068029237212613), (13.98613165189516, 8.089424055404944)]"
179,179,True,[12.6538742   1.98749755],[12.59428927  1.98893537],1,369005,0,0.0,0,0.5362644246781875,0.012940400785945938,seagreen,"[(12.952138973545587, 2.999300544333819), (14.884782974213962, 2.6023490913681497), (14.627508371227226, 3.132735564857727)]"
180,180,True,[11.57663956 11.29942229],[11.89939969 11.40002239],1,455870,0,0.0,0,0.9682803994480916,0.30180029229148986,turquoise,"[(16.91371463562424, 13.03164737760619), (15.137161192866937, 10.880036193272163), (13.250529546580248, 11.138914951062734)]"
181,181,True,[18.59535289 12.85744203],[18.77838487 12.23209564],1,544382,0,0.0,0,0.3294575555832492,0.6253463889843921,maroon,"[(21.265410448181086, 7.958452533498984), (20.548028953410768, 10.520374848625577), (17.963821318732908, 9.98901222997927)]"
182,182,True,[3.69633955 3.18500776],[3.28533112 3.18554012],1,326787,0,0.0,0,0.5284394114354588,0.00479118088912156,darkkhaki,"[(2.991167372076365, 3.09087755205138), (2.9221951154263595, 1.6035322808050658), (3.53333853271679, 1.9881525572945815)]"
183,183,True,[15.51309705 22.55865325],[15.4112622  21.81057707],1,408747,0,0.0,0,0.9165136208993009,0.7480761734271649,chartreuse,"[(14.039502236074446, 18.921759056507707), (15.866268971823718, 20.97511038449959), (17.540573891382824, 19.56662161869106)]"
184,184,True,[12.78931217  2.74551582],[12.50063461  3.16396546],1,435243,0,0.0,0,0.2886775644851207,0.753209350919212,silver,"[(13.22589590464909, 6.1675729543180235), (13.24968567182521, 5.832617109733744), (13.228348549076943, 3.7776439550940384)]"
185,185,True,[11.07615324  1.16241907],[11.18032686  1.07370351],1,283955,0,0.0,0,0.9375626331781634,0.15968800774073377,fuchsia,"[(7.930281252351001, 1.4558262944385354), (9.875357087583552, 1.5239594600460555), (11.16912769549933, 2.0808952060714194)]"
186,186,True,[4.14236258 0.66555719],[4.09717986 0.00686915],1,304252,0,0.0,0,0.4066444889980255,0.8468846225625076,rosybrown,"[(5.08613151075691, 3.288514437502321), (5.122842078906039, 1.1734523222668463), (5.140223693685498, 1.2077819509831866)]"
187,187,True,[ 1.10022738 24.86219478],[ 1.49092703 24.06487889],1,220215,0,0.0,0,0.7032593581779365,0.797315890967596,brown,"[(8.395707654424683, 24.91120428248922), (0.5348253218351589, 24.167905245151644), (1.6059509291992198, 20.050055700888127)]"
188,188,True,[ 3.25489223 14.40801513],[ 3.24165063 15.0477324 ],1,282318,0,0.0,0,0.03972477758657278,0.6397172680969814,blueviolet,"[(0.20479432883590287, 10.154645251575037), (0.16403063476433935, 14.178806842352024), (1.9063534142075416, 15.13599656650762)]"
189,189,True,[ 7.73612158 12.49887936],[ 8.48816989 11.75946319],1,389641,0,0.0,0,0.7520483019072683,0.9506779334620921,darkmagenta,"[(5.8388466253353855, 11.142137861388797), (8.296668633008894, 12.635314159114383), (7.393157423943208, 15.219353625212625)]"
190,190,True,[13.97352931  4.74489161],[13.69430114  4.75189453],1,448526,0,0.0,0,0.2792281766572191,0.06302625992409394,aliceblue,"[(12.286948933665238, 6.086293759590981), (13.989233453638786, 7.0639227312609485), (13.707359673366495, 4.269219071244342)]"
191,191,True,[12.57066905 17.61531741],[12.51645881 17.6314387 ],1,310089,0,0.0,0,0.4878921188992078,0.14509160381111696,darkviolet,"[(20.15946892975518, 24.94583240006872), (9.767210818797373, 24.605883256874332), (10.420290116967175, 20.449076434007562)]"
192,192,True,[16.54706478 10.28508943],[16.61743022 10.23955751],1,513143,0,0.0,0,0.6332889559056148,0.40978728737538683,cyan,"[(16.263242092504413, 11.25120859828923), (16.27636712530175, 12.255905405027757), (17.529405561108728, 11.10084548478834)]"
193,193,True,[17.00884966 16.06039301],[16.75280499 15.30769046],1,519098,0,0.0,0,0.32920029984075416,0.7527025529556235,lightgray,"[(19.538529981640508, 16.709355253122574), (19.28620828601247, 14.028322872774025), (16.499213457730534, 14.687089153846452)]"
194,194,True,[14.51689957 20.09137248],[15.0521035  19.39302189],1,319281,0,0.0,0,0.5352039321446929,0.6983505842506542,saddlebrown,"[(13.685661921590398, 21.69816505828765), (13.606150752142106, 21.006774060222412), (13.52558660769817, 21.592489322635437)]"
195,195,True,[20.76633716 18.06592282],[21.21887288 18.31829377],1,518054,0,0.0,0,0.8145642987076924,0.7571128554067162,ghostwhite,"[(19.301264573721042, 18.864433483725303), (20.969881050104853, 19.938698189332964), (20.60274100573174, 20.298081083573482)]"
196,196,True,[ 9.80740955 24.59151568],[ 9.34273923 24.56366586],1,191337,0,0.0,0,0.597433278198654,0.08354943930052394,gold,"[(8.991654487350125, 23.92097894259834), (9.310592233480858, 24.674984440571713), (10.28831377612601, 23.76931018410522)]"
197,197,True,[ 8.99564818 18.81878319],[ 9.09234865 18.86301638],1,348977,0,0.0,0,0.12432917398206589,0.39809870238101897,moccasin,"[(11.989007867205132, 16.09415948576015), (11.044489180377548, 17.985757951419675), (9.951672052916766, 18.608080549400373)]"
198,198,True,[21.97864173 13.38328478],[22.63691759 12.94347183],1,386503,0,0.0,0,0.8463546752088377,0.4398129438821907,magenta,"[(24.90728808530221, 8.425084296577728), (23.21037856803549, 9.988288781094587), (23.299127881531174, 13.310372852296117)]"
199,199,True,[13.29767985 20.0443426 ],[13.99896766 19.8715515 ],1,335653,0,0.0,0,0.9016557506642651,0.5183733069905849,plum,"[(15.68298945318611, 21.92413950980205), (15.602606384084904, 22.559044045035627), (13.502735370677732, 21.3340454978197)]"
