Query_37082,BAG56832.1,100.000,31,0,0,70,100,129,159,1.46e-13,70.1,100.00
Query_37082,AAV41883.1,100.000,31,0,0,70,100,161,191,1.67e-13,70.5,100.00
Query_37082,AAV41889.1,100.000,31,0,0,70,100,161,191,1.67e-13,70.5,100.00
Query_37082,AAV41887.1,100.000,31,0,0,70,100,161,191,1.67e-13,70.5,100.00
Query_37082,6LNI_A,100.000,31,0,0,70,100,169,199,1.67e-13,70.5,100.00
Query_37082,1QLX_A,100.000,31,0,0,70,100,170,200,1.67e-13,70.5,100.00
Query_37082,AAV41881.1,100.000,31,0,0,70,100,161,191,1.67e-13,70.5,100.00
Query_37082,AAV41892.1,100.000,31,0,0,70,100,162,192,1.69e-13,70.5,100.00
Query_37082,AAB59442.1,100.000,31,0,0,70,100,174,204,2.06e-13,70.5,100.00
Query_37082,BAG58727.1,100.000,31,0,0,70,100,166,196,2.21e-13,70.5,100.00
Query_37082,P40246.1,100.000,31,0,0,70,100,174,204,2.31e-13,70.5,100.00
Query_37082,AAB59443.1,100.000,31,0,0,70,100,183,213,2.34e-13,70.5,100.00
Query_37082,AAO83635.1,100.000,31,0,0,70,100,175,205,2.50e-13,70.5,100.00
Query_37082,4KML_A,100.000,31,0,0,70,100,200,230,2.60e-13,70.5,100.00
Query_37082,AAA19664.1,100.000,31,0,0,70,100,182,212,2.73e-13,70.5,100.00
Query_37082,AAC78725.1,100.000,31,0,0,70,100,182,212,2.73e-13,70.5,100.00
Query_37082,AAC05365.1,100.000,31,0,0,70,100,183,213,2.77e-13,70.5,100.00
Query_37082,AAV38283.1,100.000,31,0,0,70,100,182,212,2.77e-13,70.5,100.00
Query_37082,PNJ14068.1,100.000,31,0,0,70,100,190,220,2.87e-13,70.5,100.00
Query_37082,PNI62476.1,100.000,31,0,0,70,100,190,220,2.87e-13,70.5,100.00
Query_37082,XP_008993951.1,100.000,31,0,0,70,100,189,219,2.97e-13,70.5,100.00
Query_37082,P40249.1,100.000,31,0,0,70,100,189,219,2.97e-13,70.5,100.00
Query_37082,XP_017379525.1,100.000,31,0,0,70,100,189,219,2.97e-13,70.5,100.00
Query_37082,NP_001124544.1,100.000,31,0,0,70,100,190,220,3.01e-13,70.5,100.00
Query_37082,AKI69769.1,100.000,31,0,0,70,100,190,220,3.01e-13,70.5,100.00
Query_37082,NP_001009093.1,100.000,31,0,0,70,100,190,220,3.01e-13,70.5,100.00
Query_37082,AAX36609.1,100.000,31,0,0,70,100,190,220,3.01e-13,70.5,100.00
Query_37082,ABL75508.1,100.000,31,0,0,70,100,190,220,3.01e-13,70.5,100.00
Query_37082,NP_000302.1,100.000,31,0,0,70,100,190,220,3.01e-13,70.5,100.00
Query_37082,XP_004061812.1,100.000,31,0,0,70,100,190,220,3.01e-13,70.5,100.00
Query_37082,AAA68633.1,100.000,31,0,0,70,100,190,220,3.01e-13,70.5,100.00
Query_37082,AKI69770.1,100.000,31,0,0,70,100,190,220,3.01e-13,70.5,100.00
Query_37082,ABD63004.1,100.000,31,0,0,70,100,190,220,3.01e-13,70.5,100.00
Query_37082,AAH12844.1,100.000,31,0,0,70,100,190,220,3.01e-13,70.5,100.00
Query_37082,AAD46098.1,100.000,31,0,0,70,100,190,220,3.01e-13,70.5,100.00
Query_37082,AAH22532.1,100.000,31,0,0,70,100,190,220,3.01e-13,70.5,100.00
Query_37082,AAX37089.1,100.000,31,0,0,70,100,190,220,3.04e-13,70.5,100.00
Query_37082,AAV38282.1,100.000,31,0,0,70,100,190,220,3.04e-13,70.5,100.00
Query_37082,AAR21603.1,100.000,31,0,0,70,100,214,244,3.87e-13,70.5,100.00
Query_37082,AAC62750.2,100.000,31,0,0,70,100,222,252,4.16e-13,70.5,100.00
Query_37082,ADD71057.1,96.774,31,1,0,70,100,183,213,4.34e-13,70.1,100.00
Query_37082,AAD13291.1,96.774,31,1,0,70,100,153,183,4.51e-13,69.3,100.00
Query_37082,AFU10491.1,96.774,31,1,0,70,100,172,202,5.28e-13,69.3,100.00
Query_37082,AAV41879.1,96.774,31,1,0,70,100,161,191,5.75e-13,68.9,100.00
Query_37082,AAV41882.1,96.774,31,1,0,70,100,161,191,5.75e-13,68.9,100.00
Query_37082,AAV41880.1,96.774,31,1,0,70,100,161,191,5.75e-13,68.9,100.00
Query_37082,AAV41886.1,96.774,31,1,0,70,100,161,191,5.75e-13,68.9,100.00
Query_37082,AAV41885.1,96.774,31,1,0,70,100,161,191,5.75e-13,68.9,100.00
Query_37082,AAV41893.1,96.774,31,1,0,70,100,162,192,5.84e-13,68.9,100.00
Query_37082,AAV41891.1,96.774,31,1,0,70,100,162,192,5.84e-13,68.9,100.00
Query_37082,ACO35229.1,96.774,31,1,0,70,100,156,186,6.30e-13,68.9,100.00
Query_37082,XP_011796438.1,96.774,31,1,0,70,100,165,195,7.47e-13,68.9,100.00
Query_37082,XP_011830622.1,96.774,31,1,0,70,100,166,196,7.57e-13,68.9,100.00
Query_37082,XP_011796437.1,96.774,31,1,0,70,100,166,196,7.57e-13,68.9,100.00
Query_37082,AAV41890.1,100.000,30,0,0,71,100,153,182,7.79e-13,68.6,100.00
Query_37082,AXB38888.1,96.774,31,1,0,70,100,184,214,7.88e-13,69.3,100.00
Query_37082,XP_011830619.1,96.774,31,1,0,70,100,173,203,8.30e-13,68.9,100.00
Query_37082,XP_011830615.1,96.774,31,1,0,70,100,174,204,8.41e-13,68.9,100.00
Query_37082,XP_011796435.1,96.774,31,1,0,70,100,174,204,8.41e-13,68.9,100.00
Query_37082,XP_011796434.1,96.774,31,1,0,70,100,174,204,8.41e-13,68.9,100.00
Query_37082,P67990.1,96.774,31,1,0,70,100,175,205,8.51e-13,68.9,100.00
Query_37082,AAN16506.1,96.774,31,1,0,70,100,193,223,8.57e-13,69.3,100.00
Query_37082,XP_011796433.1,96.774,31,1,0,70,100,176,206,8.62e-13,68.9,100.00
Query_37082,XP_011830601.1,96.774,31,1,0,70,100,176,206,8.62e-13,68.9,100.00
Query_37082,P40248.1,96.774,31,1,0,70,100,183,213,8.84e-13,68.9,100.00
Query_37082,P40255.1,96.774,31,1,0,70,100,183,213,8.84e-13,68.9,100.00
Query_37082,ACG63356.1,96.774,31,1,0,70,100,190,220,9.17e-13,69.3,100.00
Query_37082,XP_010971036.1,96.774,31,1,0,70,100,193,223,9.27e-13,69.3,100.00
Query_37082,QIS68500.1,96.774,31,1,0,70,100,193,223,9.27e-13,69.3,100.00
Query_37082,XP_006207416.1,96.774,31,1,0,70,100,193,223,9.27e-13,69.3,100.00
Query_37082,QIS68499.1,96.774,31,1,0,70,100,193,223,9.27e-13,69.3,100.00
Query_37082,XP_008017259.1,96.774,31,1,0,70,100,182,212,9.28e-13,68.9,100.00
Query_37082,XP_011830596.1,96.774,31,1,0,70,100,182,212,9.28e-13,68.9,100.00
Query_37082,XP_033041622.1,96.774,31,1,0,70,100,182,212,9.28e-13,68.9,100.00
Query_37082,XP_004433840.1,96.774,31,1,0,70,100,193,223,9.38e-13,69.3,100.00
Query_37082,Q95174.1,96.774,31,1,0,70,100,183,213,9.39e-13,68.9,100.00
Query_37082,XP_017733555.1,96.774,31,1,0,70,100,183,213,9.39e-13,68.9,100.00
Query_37082,AAB50624.1,96.774,31,1,0,70,100,183,213,9.39e-13,68.9,100.00
Query_37082,Q95176.1,96.774,31,1,0,70,100,183,213,9.39e-13,68.9,100.00
Query_37082,P61761.1,96.774,31,1,0,70,100,183,213,9.39e-13,68.9,100.00
Query_37082,EPY79168.1,96.774,31,1,0,70,100,196,226,9.58e-13,69.3,100.00
Query_37082,AAA68636.1,96.774,31,1,0,70,100,189,219,1.01e-12,68.9,100.00
Query_37082,P40247.1,96.774,31,1,0,70,100,189,219,1.01e-12,68.9,100.00
Query_37082,AMB72889.1,96.774,31,1,0,70,100,201,231,1.01e-12,69.3,100.00
Query_37082,NP_001040617.1,96.774,31,1,0,70,100,190,220,1.02e-12,68.9,100.00
Query_37082,XP_030770104.1,96.774,31,1,0,70,100,190,220,1.02e-12,68.9,100.00
Query_37082,XP_011796429.1,96.774,31,1,0,70,100,190,220,1.02e-12,68.9,100.00
Query_37082,ABY26043.1,96.774,31,1,0,70,100,190,220,1.02e-12,68.9,100.00
Query_37082,EHH65520.1,96.774,31,1,0,70,100,190,220,1.02e-12,68.9,100.00
Query_37082,ABY26042.1,96.774,31,1,0,70,100,190,220,1.02e-12,68.9,100.00
Query_37082,AAR12192.1,96.774,31,1,0,70,100,190,220,1.02e-12,68.9,100.00
Query_37082,AAV30492.1,96.774,31,1,0,70,100,201,231,1.02e-12,69.3,100.00
Query_37082,AAV30493.1,96.774,31,1,0,70,100,201,231,1.02e-12,69.3,100.00
Query_37082,AAV30491.1,96.774,31,1,0,70,100,201,231,1.02e-12,69.3,100.00
Query_37082,ACO35230.1,96.774,31,1,0,70,100,197,227,1.06e-12,68.9,100.00
Query_37082,ACO35228.1,96.774,31,1,0,70,100,197,227,1.06e-12,68.9,100.00
Query_37082,XP_039335543.1,96.774,31,1,0,70,100,197,227,1.10e-12,68.9,100.00
Query_37082,P40258.1,96.774,31,1,0,70,100,197,227,1.10e-12,68.9,100.00
Query_37082,XP_011739524.1,96.774,31,1,0,70,100,198,228,1.11e-12,68.9,100.00
Query_37082,XP_011830588.1,96.774,31,1,0,70,100,198,228,1.11e-12,68.9,100.00
Query_37082,AAO83636.1,96.774,31,1,0,70,100,183,213,1.24e-12,68.6,100.00
Query_37082,BCG28117.1,96.774,31,1,0,70,100,190,220,1.35e-12,68.6,100.00
Query_37082,XP_011796427.1,96.774,31,1,0,70,100,224,254,1.41e-12,68.9,100.00
Query_37082,P40243.1,93.548,31,2,0,70,100,193,223,1.47e-12,68.6,100.00
Query_37082,ABU98047.1,93.548,31,2,0,70,100,201,231,1.84e-12,68.6,100.00
Query_37082,AAV38303.1,100.000,30,0,0,70,99,190,219,2.19e-12,68.2,100.00
Query_37082,P51446.1,96.774,31,1,0,70,100,189,219,2.31e-12,68.2,96.77
Query_37082,5L6R_A,100.000,31,0,0,70,100,101,131,2.44e-12,66.2,100.00
Query_37082,2K1D_A,100.000,31,0,0,70,100,105,135,2.83e-12,65.9,100.00
Query_37082,BAG52189.1,100.000,31,0,0,70,100,100,130,3.18e-12,66.2,100.00
Query_37082,3HAF_A,100.000,31,0,0,70,100,101,131,3.19e-12,65.9,100.00
Query_37082,3HEQ_A,100.000,31,0,0,70,100,101,131,3.26e-12,65.9,100.00
Query_37082,3HJX_A,100.000,31,0,0,70,100,65,95,3.28e-12,64.7,100.00
Query_37082,2LSB_A,100.000,31,0,0,70,100,101,131,3.34e-12,65.5,100.00
Query_37082,1QM0_A,100.000,31,0,0,70,100,103,133,3.41e-12,65.5,100.00
Query_37082,6DU9_A,100.000,31,0,0,70,100,101,131,3.41e-12,65.5,100.00
Query_37082,3HAK_A,100.000,31,0,0,70,100,66,96,3.47e-12,64.7,100.00
Query_37082,5YJ5_A,100.000,31,0,0,70,100,101,131,3.60e-12,65.5,100.00
Query_37082,6SUZ_A,100.000,31,0,0,70,100,66,96,3.63e-12,64.3,100.00
Query_37082,AKI69771.1,96.774,31,1,0,70,100,190,220,3.69e-12,67.4,96.77
Query_37082,2W9E_A,100.000,31,0,0,70,100,72,102,3.75e-12,64.7,100.00
Query_37082,6SV2_A,100.000,31,0,0,70,100,72,102,3.79e-12,64.7,100.00
Query_37082,1I4M_A,100.000,31,0,0,70,100,72,102,3.79e-12,64.7,100.00
Query_37082,1E1G_A,100.000,31,0,0,70,100,66,96,3.80e-12,64.7,100.00
Query_37082,BAG35206.1,96.774,31,1,0,70,100,190,220,3.84e-12,67.4,96.77
Query_37082,1HJN_A,100.000,31,0,0,70,100,66,96,3.88e-12,64.7,100.00
Query_37082,1HJM_A,100.000,31,0,0,70,100,66,96,3.93e-12,64.3,100.00
Query_37082,4DGI_A,100.000,31,0,0,70,100,71,101,4.03e-12,64.7,100.00
Query_37082,AAU93883.1,93.548,31,2,0,70,100,193,223,4.05e-12,67.4,100.00
Query_37082,XP_019828908.1,93.548,31,2,0,70,100,201,231,4.08e-12,67.4,100.00
Query_37082,1QM2_A,100.000,31,0,0,70,100,72,102,4.08e-12,64.7,100.00
Query_37082,BAG58365.1,100.000,31,0,0,70,100,113,143,4.10e-12,66.2,100.00
Query_37082,5YJ4_A,100.000,31,0,0,70,100,101,131,4.14e-12,65.5,100.00
Query_37082,1E1P_A,100.000,31,0,0,70,100,66,96,4.19e-12,64.3,100.00
Query_37082,XP_015990525.2,93.548,31,2,0,70,100,184,214,4.34e-12,67.4,100.00
Query_37082,BAE34221.1,90.323,31,3,0,70,100,189,219,5.25e-12,67.0,100.00
Query_37082,AIG55225.1,90.323,31,3,0,70,100,190,220,5.25e-12,67.0,100.00
Query_37082,2LEJ_A,96.774,31,1,0,70,100,106,136,5.29e-12,65.1,100.00
Query_37082,NP_001291815.1,93.548,31,2,0,70,100,201,231,5.67e-12,67.0,100.00
Query_37082,1H0L_A,100.000,31,0,0,70,100,72,102,5.79e-12,64.3,100.00
Query_37082,XP_017519381.1,90.323,31,3,0,70,100,195,225,6.06e-12,67.0,100.00
Query_37082,ABI95849.1,90.323,31,3,0,70,100,193,223,6.87e-12,67.0,100.00
Query_37082,AAO92929.1,93.548,31,2,0,70,100,201,231,7.19e-12,67.0,100.00
Query_37082,ABL86016.1,93.548,31,2,0,70,100,193,223,7.23e-12,66.6,100.00
Query_37082,1921132B,93.548,31,2,0,70,100,193,223,7.23e-12,66.6,100.00
Query_37082,ABS87889.1,93.548,31,2,0,70,100,193,223,7.23e-12,66.6,100.00
Query_37082,KAB1262537.1,96.774,31,1,0,70,100,62,92,7.64e-12,64.3,100.00
Query_37082,P40242.1,93.548,31,2,0,70,100,201,231,7.81e-12,66.6,100.00
Query_37082,Q5UJG3.1,93.548,31,2,0,70,100,201,231,7.81e-12,66.6,100.00
Query_37082,AAV30479.1,93.548,31,2,0,70,100,185,215,7.86e-12,66.6,100.00
Query_37082,AIG55236.1,90.323,31,3,0,70,100,172,202,7.86e-12,66.6,100.00
Query_37082,AAQ64649.1,93.548,31,2,0,70,100,201,231,8.14e-12,66.6,100.00
Query_37082,ACT98553.1,93.548,31,2,0,70,100,201,231,8.31e-12,66.6,100.00
Query_37082,XP_025255552.1,93.548,31,2,0,70,100,291,321,8.35e-12,67.4,100.00
Query_37082,BAA01469.1,93.548,31,2,0,70,100,193,223,8.53e-12,66.6,100.00
Query_37082,AAV30499.1,93.548,31,2,0,70,100,193,223,8.53e-12,66.6,100.00
Query_37082,AAV30332.1,93.548,31,2,0,70,100,193,223,8.53e-12,66.6,100.00
Query_37082,AIE40054.1,93.548,31,2,0,70,100,28,58,9.12e-12,62.8,100.00
Query_37082,NP_001258555.1,93.548,31,2,0,70,100,201,231,9.21e-12,66.6,100.00
Query_37082,AAQ64650.1,93.548,31,2,0,70,100,201,231,9.21e-12,66.6,100.00
Query_37082,AAQ64642.1,93.548,31,2,0,70,100,201,231,9.21e-12,66.6,100.00
Query_37082,ACT98554.1,93.548,31,2,0,70,100,201,231,9.21e-12,66.6,100.00
Query_37082,AAV30498.1,93.548,31,2,0,70,100,201,231,9.21e-12,66.6,100.00
Query_37082,AAQ64646.1,93.548,31,2,0,70,100,201,231,9.21e-12,66.6,100.00
Query_37082,AAV30252.1,93.548,31,2,0,70,100,209,239,9.88e-12,66.6,100.00
Query_37082,ABL86015.1,93.548,31,2,0,70,100,201,231,1.01e-11,66.6,100.00
Query_37082,AAV30490.1,93.548,31,2,0,70,100,201,231,1.04e-11,66.6,100.00
Query_37082,AAL93185.1,90.323,31,3,0,70,100,193,223,1.07e-11,66.2,100.00
Query_37082,AAM73856.1,93.548,31,2,0,70,100,209,239,1.08e-11,66.6,100.00
Query_37082,AAK38355.1,90.323,31,3,0,70,100,193,223,1.12e-11,66.2,100.00
Query_37082,ABG78362.1,90.323,31,3,0,70,100,193,223,1.12e-11,66.2,100.00
Query_37082,ABG78359.1,90.323,31,3,0,70,100,193,223,1.14e-11,66.2,100.00
Query_37082,AAA39996.1,90.323,31,3,0,70,100,189,219,1.14e-11,66.2,100.00
Query_37082,XP_021041461.1,90.323,31,3,0,70,100,189,219,1.14e-11,66.2,100.00
Query_37082,AAU93885.1,93.548,31,2,0,70,100,193,223,1.15e-11,66.2,100.00
Query_37082,AAN16504.1,90.323,31,3,0,70,100,195,225,1.23e-11,66.2,100.00
Query_37082,2M8T_A,96.774,31,1,0,70,100,105,135,1.24e-11,64.3,100.00
Query_37082,NP_001301176.1,90.323,31,3,0,70,100,193,223,1.26e-11,66.2,100.00
Query_37082,ACV31922.1,90.323,31,3,0,70,100,193,223,1.26e-11,66.2,100.00
Query_37082,ACG63355.1,93.548,31,2,0,70,100,190,220,1.27e-11,66.2,100.00
Query_37082,1FKC_A,96.774,31,1,0,70,100,101,131,1.27e-11,64.3,100.00
Query_37082,2LFT_A,96.774,31,1,0,70,100,101,131,1.27e-11,64.3,100.00
Query_37082,Q5UJG7.1,93.333,30,2,0,70,99,201,230,1.32e-11,66.2,100.00
Query_37082,ABA08138.1,90.323,31,3,0,70,100,193,223,1.33e-11,66.2,100.00
Query_37082,BAE28693.1,90.323,31,3,0,70,100,189,219,1.35e-11,65.9,100.00
Query_37082,NP_001265185.1,90.323,31,3,0,70,100,189,219,1.37e-11,65.9,100.00
Query_37082,AGU92564.1,93.548,31,2,0,70,100,193,223,1.43e-11,65.9,100.00
Query_37082,BAH03443.1,93.548,31,2,0,70,100,193,223,1.43e-11,65.9,100.00
Query_37082,BAE28320.1,90.323,31,3,0,70,100,189,219,1.43e-11,65.9,100.00
Query_37082,1E1U_A,96.774,31,1,0,70,100,66,96,1.44e-11,63.2,100.00
Query_37082,QHG11704.1,93.548,31,2,0,70,100,193,223,1.48e-11,65.9,100.00
Query_37082,BAH03452.1,93.548,31,2,0,70,100,201,231,1.48e-11,65.9,100.00
Query_37082,BAH03454.1,93.548,31,2,0,70,100,201,231,1.48e-11,65.9,100.00
Query_37082,QBL57382.1,90.323,31,3,0,70,100,193,223,1.49e-11,65.9,100.00
Query_37082,ABG78533.1,90.323,31,3,0,70,100,193,223,1.51e-11,65.9,100.00
Query_37082,AAZ81475.1,93.548,31,2,0,70,100,193,223,1.52e-11,65.9,100.00
Query_37082,1DWY_A,93.548,31,2,0,70,100,72,102,1.53e-11,63.2,100.00
Query_37082,ABS87880.1,93.548,31,2,0,70,100,193,223,1.54e-11,65.9,100.00
Query_37082,Q5UJG1.1,93.548,31,2,0,70,100,201,231,1.54e-11,65.9,100.00
Query_37082,AFM91137.1,90.323,31,3,0,70,100,193,223,1.55e-11,65.9,100.00
Query_37082,AAN16497.1,90.323,31,3,0,70,100,173,203,1.61e-11,65.5,100.00
Query_37082,AAU02120.1,90.323,31,3,0,70,100,193,223,1.65e-11,65.9,100.00
Query_37082,AIG55222.1,90.323,31,3,0,70,100,190,220,1.66e-11,65.9,100.00
Query_37082,BAH03449.1,93.548,31,2,0,70,100,201,231,1.66e-11,65.9,100.00
Query_37082,ABL76063.1,90.323,31,3,0,70,100,193,223,1.69e-11,65.9,100.00
Query_37082,2KUN_A,96.774,31,1,0,70,100,101,131,1.75e-11,63.9,96.77
Query_37082,ABG78506.1,90.323,31,3,0,70,100,193,223,1.76e-11,65.9,100.00
Query_37082,ABC68487.1,90.323,31,3,0,70,100,193,223,1.76e-11,65.9,100.00
Query_37082,ABL86012.1,90.323,31,3,0,70,100,193,223,1.76e-11,65.9,100.00
Query_37082,ABI95850.1,90.323,31,3,0,70,100,193,223,1.76e-11,65.9,100.00
Query_37082,AIG55220.1,90.323,31,3,0,70,100,190,220,1.78e-11,65.9,100.00
Query_37082,ABG78538.1,90.323,31,3,0,70,100,193,223,1.80e-11,65.9,100.00
Query_37082,1XYW_A,93.548,31,2,0,70,100,70,100,1.81e-11,63.2,100.00
Query_37082,AIG55227.1,90.323,31,3,0,70,100,189,219,1.82e-11,65.9,100.00
Query_37082,ABM88746.1,90.323,31,3,0,70,100,193,223,1.83e-11,65.9,100.00
Query_37082,AAW88330.1,90.323,31,3,0,70,100,193,223,1.87e-11,65.9,100.00
Query_37082,ABB53425.1,90.323,31,3,0,70,100,193,223,1.87e-11,65.9,100.00
Query_37082,AFM91135.1,90.323,31,3,0,70,100,193,223,1.89e-11,65.9,100.00
Query_37082,AAR14220.1,90.323,31,3,0,70,100,193,223,1.91e-11,65.5,100.00
Query_37082,ABG78354.1,90.323,31,3,0,70,100,193,223,1.91e-11,65.5,100.00
Query_37082,ACM90502.1,90.323,31,3,0,70,100,193,223,1.91e-11,65.5,100.00
Query_37082,ABG78353.1,90.323,31,3,0,70,100,193,223,1.91e-11,65.5,100.00
Query_37082,ABA08029.1,90.323,31,3,0,70,100,193,223,1.93e-11,65.5,100.00
Query_37082,ABG78366.1,90.323,31,3,0,70,100,193,223,1.93e-11,65.5,100.00
Query_37082,AAQ81754.1,90.323,31,3,0,70,100,26,56,1.94e-11,62.0,100.00
Query_37082,AIG55223.1,90.323,31,3,0,70,100,190,220,2.00e-11,65.5,100.00
Query_37082,XP_036740991.1,90.323,31,3,0,70,100,195,225,2.03e-11,65.5,100.00
Query_37082,AAU02119.1,90.323,31,3,0,70,100,193,223,2.12e-11,65.5,100.00
Query_37082,ACV31925.1,90.323,31,3,0,70,100,193,223,2.14e-11,65.5,100.00
Query_37082,AAR14236.1,90.323,31,3,0,70,100,193,223,2.14e-11,65.5,100.00
Query_37082,AHZ97962.1,90.323,31,3,0,70,100,193,223,2.16e-11,65.5,100.00
Query_37082,QBL57362.1,90.323,31,3,0,70,100,193,223,2.19e-11,65.5,100.00
Query_37082,AAR14217.1,90.323,31,3,0,70,100,193,223,2.19e-11,65.5,100.00
Query_37082,XP_005688214.2,90.323,31,3,0,70,100,193,223,2.21e-11,65.5,100.00
Query_37082,QBL57247.1,90.323,31,3,0,70,100,193,223,2.21e-11,65.5,100.00
Query_37082,QBL57350.1,90.323,31,3,0,70,100,193,223,2.30e-11,65.5,100.00
Query_37082,QBL57232.1,90.323,31,3,0,70,100,193,223,2.30e-11,65.5,100.00
Query_37082,XP_007539618.1,90.323,31,3,0,70,100,199,229,2.32e-11,65.5,100.00
Query_37082,ABA08027.1,90.323,31,3,0,70,100,193,223,2.33e-11,65.5,100.00
Query_37082,XP_003788084.1,87.097,31,4,0,70,100,196,226,2.34e-11,65.5,100.00
Query_37082,XP_008834115.1,90.323,31,3,0,70,100,192,222,2.35e-11,65.5,100.00
Query_37082,ACB46962.1,87.097,31,4,0,70,100,197,227,2.36e-11,65.5,100.00
Query_37082,ACV31924.1,90.323,31,3,0,70,100,193,223,2.37e-11,65.5,100.00
Query_37082,QBL57438.1,90.323,31,3,0,70,100,193,223,2.37e-11,65.5,100.00
Query_37082,ABG78377.1,90.323,31,3,0,70,100,193,223,2.37e-11,65.5,100.00
Query_37082,Q68G95.1,90.323,31,3,0,70,100,193,223,2.37e-11,65.5,100.00
Query_37082,AFM91120.1,90.323,31,3,0,70,100,193,223,2.40e-11,65.5,100.00
Query_37082,AFM91126.1,90.323,31,3,0,70,100,193,223,2.40e-11,65.5,100.00
Query_37082,AFM91128.1,90.323,31,3,0,70,100,193,223,2.40e-11,65.5,100.00
Query_37082,AFM91139.1,90.323,31,3,0,70,100,193,223,2.40e-11,65.5,100.00
Query_37082,QBL57963.1,90.323,31,3,0,70,100,193,223,2.40e-11,65.5,100.00
Query_37082,AAR14224.1,90.323,31,3,0,70,100,193,223,2.40e-11,65.5,100.00
Query_37082,ACJ04055.1,90.323,31,3,0,70,100,193,223,2.40e-11,65.5,100.00
Query_37082,ABG46331.1,90.323,31,3,0,70,100,193,223,2.40e-11,65.5,100.00
Query_37082,ABI95843.1,90.323,31,3,0,70,100,193,223,2.45e-11,65.5,100.00
Query_37082,ABB53422.1,90.323,31,3,0,70,100,193,223,2.45e-11,65.5,100.00
Query_37082,ABG78514.1,90.323,31,3,0,70,100,193,223,2.45e-11,65.5,100.00
Query_37082,AIG55229.1,90.323,31,3,0,70,100,183,213,2.46e-11,65.1,100.00
Query_37082,ACV31926.1,90.323,31,3,0,70,100,193,223,2.47e-11,65.5,100.00
Query_37082,ABA08063.1,90.323,31,3,0,70,100,193,223,2.58e-11,65.5,100.00
Query_37082,AAU02118.1,90.323,31,3,0,70,100,193,223,2.58e-11,65.5,100.00
Query_37082,ACT87519.1,90.323,31,3,0,70,100,193,223,2.58e-11,65.5,100.00
Query_37082,ABA08028.1,90.323,31,3,0,70,100,193,223,2.61e-11,65.5,100.00
Query_37082,P23907.1,90.323,31,3,0,70,100,193,223,2.61e-11,65.5,100.00
Query_37082,ABB53421.1,90.323,31,3,0,70,100,193,223,2.61e-11,65.5,100.00
Query_37082,ABG78367.1,90.323,31,3,0,70,100,193,223,2.61e-11,65.5,100.00
Query_37082,AAW88334.1,90.323,31,3,0,70,100,193,223,2.61e-11,65.5,100.00
Query_37082,QBL57230.1,90.323,31,3,0,70,100,193,223,2.63e-11,65.5,100.00
Query_37082,QBL57318.1,90.323,31,3,0,70,100,193,223,2.63e-11,65.5,100.00
Query_37082,QBL57371.1,90.323,31,3,0,70,100,193,223,2.63e-11,65.5,100.00
Query_37082,QBL57046.1,90.323,31,3,0,70,100,193,223,2.63e-11,65.5,100.00
Query_37082,AFM91134.1,90.323,31,3,0,70,100,193,223,2.63e-11,65.5,100.00
Query_37082,ABI95845.1,90.323,31,3,0,70,100,193,223,2.66e-11,65.1,100.00
Query_37082,QBL57306.1,90.323,31,3,0,70,100,193,223,2.66e-11,65.1,100.00
Query_37082,AAR14228.1,90.323,31,3,0,70,100,193,223,2.66e-11,65.1,100.00
Query_37082,6FNV_A,93.548,31,2,0,70,100,100,130,2.72e-11,63.2,100.00
Query_37082,XP_019500182.1,93.548,31,2,0,70,100,184,214,2.73e-11,65.1,100.00
Query_37082,AAL93184.1,90.323,31,3,0,70,100,193,223,2.74e-11,65.1,100.00
Query_37082,CAA63050.1,90.323,31,3,0,70,100,193,223,2.74e-11,65.1,100.00
Query_37082,Q95M08.1,90.323,31,3,0,70,100,193,223,2.74e-11,65.1,100.00
Query_37082,QBL58032.1,90.323,31,3,0,70,100,193,223,2.74e-11,65.1,100.00
Query_37082,ABM88742.1,90.323,31,3,0,70,100,193,223,2.74e-11,65.1,100.00
Query_37082,QBL57569.1,90.323,31,3,0,70,100,193,223,2.74e-11,65.1,100.00
Query_37082,AMP43867.1,90.323,31,3,0,70,100,185,215,2.76e-11,65.1,100.00
Query_37082,XP_003499061.1,90.323,31,3,0,70,100,190,220,2.92e-11,65.1,100.00
Query_37082,4YXK_A,93.548,31,2,0,70,100,97,127,2.94e-11,63.2,100.00
Query_37082,4YXH_A,93.548,31,2,0,70,100,97,127,2.97e-11,63.2,100.00
Query_37082,QBL57048.1,90.323,31,3,0,70,100,193,223,2.98e-11,65.1,100.00
Query_37082,ADG65694.1,90.323,31,3,0,70,100,193,223,2.98e-11,65.1,100.00
Query_37082,AFM91133.1,90.323,31,3,0,70,100,193,223,2.98e-11,65.1,100.00
Query_37082,AFM91125.1,90.323,31,3,0,70,100,193,223,2.98e-11,65.1,100.00
Query_37082,AAR14222.1,90.323,31,3,0,70,100,193,223,2.98e-11,65.1,100.00
Query_37082,NP_001009481.1,90.323,31,3,0,70,100,193,223,2.98e-11,65.1,100.00
Query_37082,QBL57239.1,90.323,31,3,0,70,100,193,223,2.98e-11,65.1,100.00
Query_37082,AAL93182.1,90.323,31,3,0,70,100,193,223,2.98e-11,65.1,100.00
Query_37082,AFM91123.1,90.323,31,3,0,70,100,193,223,2.98e-11,65.1,100.00
Query_37082,ABA08121.1,90.323,31,3,0,70,100,193,223,2.98e-11,65.1,100.00
Query_37082,ACV31928.1,90.323,31,3,0,70,100,193,223,2.98e-11,65.1,100.00
Query_37082,ABA08037.1,90.323,31,3,0,70,100,193,223,2.98e-11,65.1,100.00
Query_37082,QBL57264.1,90.323,31,3,0,70,100,193,223,3.01e-11,65.1,100.00
Query_37082,AAW88333.1,90.323,31,3,0,70,100,193,223,3.01e-11,65.1,100.00
Query_37082,BAA01467.1,90.323,31,3,0,70,100,201,231,3.07e-11,65.1,100.00
Query_37082,ABL75509.2,90.323,31,3,0,70,100,186,216,3.19e-11,65.1,100.00
Query_37082,AHZ97963.1,90.323,31,3,0,70,100,201,231,3.20e-11,65.1,100.00
Query_37082,QBL57373.1,90.323,31,3,0,70,100,193,223,3.24e-11,65.1,100.00
Query_37082,QBL57716.1,90.323,31,3,0,70,100,193,223,3.24e-11,65.1,100.00
Query_37082,QIH54601.1,90.323,31,3,0,70,100,193,223,3.24e-11,65.1,100.00
Query_37082,QBL57206.1,90.323,31,3,0,70,100,193,223,3.24e-11,65.1,100.00
Query_37082,AFM91138.1,90.323,31,3,0,70,100,193,223,3.24e-11,65.1,100.00
Query_37082,ABC68486.1,90.323,31,3,0,70,100,193,223,3.24e-11,65.1,100.00
Query_37082,AFM91140.1,90.323,31,3,0,70,100,193,223,3.24e-11,65.1,100.00
Query_37082,AAR14245.1,90.323,31,3,0,70,100,193,223,3.24e-11,65.1,100.00
Query_37082,AAY82898.1,90.323,31,3,0,70,100,193,223,3.24e-11,65.1,100.00
Query_37082,AAF03898.1,90.323,31,3,0,70,100,193,223,3.24e-11,65.1,100.00
Query_37082,AAB70468.1,90.323,31,3,0,70,100,193,223,3.24e-11,65.1,100.00
Query_37082,ABG46330.1,90.323,31,3,0,70,100,193,223,3.24e-11,65.1,100.00
Query_37082,AFM91136.1,90.323,31,3,0,70,100,193,223,3.24e-11,65.1,100.00
Query_37082,AFM91129.1,90.323,31,3,0,70,100,193,223,3.30e-11,65.1,100.00
Query_37082,QBL57589.1,90.323,31,3,0,70,100,193,223,3.37e-11,65.1,100.00
Query_37082,ABO13955.1,90.323,31,3,0,70,100,193,223,3.41e-11,65.1,100.00
Query_37082,AAW88332.1,90.323,31,3,0,70,100,193,223,3.41e-11,65.1,100.00
Query_37082,4YX2_A,93.548,31,2,0,70,100,122,152,3.41e-11,63.5,100.00
Query_37082,QMT15321.1,90.323,31,3,0,70,100,193,223,3.44e-11,65.1,100.00
Query_37082,AFM91122.1,90.323,31,3,0,70,100,193,223,3.44e-11,65.1,100.00
Query_37082,AFM91130.1,90.323,31,3,0,70,100,193,223,3.44e-11,65.1,100.00
Query_37082,ACJ04054.1,90.323,31,3,0,70,100,193,223,3.44e-11,65.1,100.00
Query_37082,AIG55221.1,90.323,31,3,0,70,100,190,220,3.45e-11,65.1,100.00
Query_37082,Q60468.1,90.323,31,3,0,70,100,190,220,3.45e-11,65.1,100.00
Query_37082,AAQ81753.1,90.323,31,3,0,70,100,26,56,3.55e-11,61.2,100.00
Query_37082,QBL57044.1,90.323,31,3,0,70,100,193,223,3.55e-11,65.1,100.00
Query_37082,AFM91131.1,90.323,31,3,0,70,100,193,223,3.59e-11,65.1,100.00
Query_37082,XP_021048599.1,90.323,31,3,0,70,100,189,219,3.60e-11,65.1,100.00
Query_37082,AAL57230.1,90.323,31,3,0,70,100,190,220,3.63e-11,64.7,100.00
Query_37082,AAL93181.1,90.323,31,3,0,70,100,193,223,3.66e-11,65.1,100.00
Query_37082,CAA04234.1,90.323,31,3,0,70,100,193,223,3.78e-11,64.7,100.00
Query_37082,AXQ60480.1,90.323,31,3,0,70,100,193,223,3.78e-11,64.7,100.00
Query_37082,ABS87899.1,90.323,31,3,0,70,100,193,223,3.78e-11,64.7,100.00
Query_37082,ABA08105.1,90.323,31,3,0,70,100,193,223,3.78e-11,64.7,100.00
Query_37082,QBL57955.1,90.323,31,3,0,70,100,193,223,3.78e-11,64.7,100.00
Query_37082,AAY45790.1,90.323,31,3,0,70,100,193,223,3.78e-11,64.7,100.00
Query_37082,AFM91127.1,90.323,31,3,0,70,100,193,223,3.78e-11,64.7,100.00
Query_37082,QBL57572.1,90.323,31,3,0,70,100,193,223,3.78e-11,64.7,100.00
Query_37082,AAF01204.1,90.323,31,3,0,70,100,193,223,3.78e-11,64.7,100.00
Query_37082,ABI95844.1,90.323,31,3,0,70,100,193,223,3.78e-11,64.7,100.00
Query_37082,AAD19981.1,93.548,31,2,0,70,100,166,196,3.82e-11,64.3,100.00
Query_37082,AIG55217.1,90.323,31,3,0,70,100,189,219,4.03e-11,64.7,100.00
Query_37082,AAV41840.1,93.548,31,2,0,70,100,169,199,4.10e-11,64.3,100.00
Query_37082,QBL57073.1,90.323,31,3,0,70,100,193,223,4.15e-11,64.7,100.00
Query_37082,QBL57229.1,90.323,31,3,0,70,100,193,223,4.32e-11,64.7,100.00
Query_37082,QBL57080.1,90.323,31,3,0,70,100,193,223,4.32e-11,64.7,100.00
Query_37082,NP_001266747.1,87.097,31,4,0,70,100,189,219,4.43e-11,64.7,100.00
Query_37082,AAT09128.1,93.548,31,2,0,70,100,170,200,4.47e-11,63.9,100.00
Query_37082,AAD13293.1,93.548,31,2,0,70,100,157,187,4.48e-11,63.9,100.00
Query_37082,QBL57710.1,90.323,31,3,0,70,100,193,223,4.50e-11,64.7,100.00
Query_37082,XP_034349783.1,90.323,31,3,0,70,100,190,220,4.56e-11,64.7,96.77
Query_37082,AXQ60483.1,90.323,31,3,0,70,100,183,213,4.58e-11,64.7,100.00
Query_37082,XP_040103854.1,90.323,31,3,0,70,100,193,223,4.69e-11,64.7,100.00
Query_37082,AAQ94047.1,90.323,31,3,0,70,100,58,88,4.74e-11,61.6,100.00
Query_37082,AAU02113.1,90.323,31,3,0,70,100,201,231,4.74e-11,64.7,96.77
Query_37082,BAH03451.1,90.323,31,3,0,70,100,201,231,4.83e-11,64.7,96.77
Query_37082,ARV88397.1,90.323,31,3,0,70,100,193,223,4.84e-11,64.7,100.00
Query_37082,ABM90805.2,90.323,31,3,0,70,100,193,223,4.84e-11,64.7,100.00
Query_37082,AAA39998.1,90.000,30,3,0,71,100,190,219,4.85e-11,64.7,100.00
Query_37082,XP_020039615.1,87.097,31,4,0,70,100,203,233,4.90e-11,64.7,100.00
Query_37082,AAQ94050.1,90.323,31,3,0,70,100,54,84,4.92e-11,61.6,100.00
Query_37082,ACH43175.1,90.323,31,3,0,70,100,201,231,4.93e-11,64.7,96.77
Query_37082,QBL57135.1,90.323,31,3,0,70,100,193,223,4.99e-11,64.7,100.00
Query_37082,NP_036763.1,90.323,31,3,0,70,100,190,220,5.00e-11,64.7,100.00
Query_37082,AAD19984.1,93.548,31,2,0,70,100,171,201,5.03e-11,64.3,100.00
Query_37082,AAD19998.1,93.548,31,2,0,70,100,161,191,5.03e-11,63.9,100.00
Query_37082,CAE00189.1,90.323,31,3,0,70,100,193,223,5.04e-11,64.7,100.00
Query_37082,1DX0_A,93.548,31,2,0,70,100,179,209,5.12e-11,63.9,100.00
Query_37082,AAP84097.2,90.323,31,3,0,70,100,201,231,5.24e-11,64.7,96.77
Query_37082,ABL86019.1,90.323,31,3,0,70,100,193,223,5.37e-11,64.3,100.00
Query_37082,ACD87557.1,93.548,31,2,0,70,100,177,207,5.43e-11,63.9,100.00
Query_37082,1XYU_A,90.323,31,3,0,70,100,70,100,5.50e-11,61.6,100.00
Query_37082,ABC61819.1,93.548,31,2,0,70,100,201,231,5.58e-11,64.3,100.00
Query_37082,BAI49997.1,93.548,31,2,0,70,100,185,215,5.63e-11,64.3,100.00
Query_37082,QKI86691.1,93.548,31,2,0,70,100,193,223,5.65e-11,64.3,100.00
Query_37082,AAQ81745.1,87.097,31,4,0,70,100,26,56,5.69e-11,60.8,100.00
Query_37082,AAY40178.1,90.323,31,3,0,70,100,67,97,5.69e-11,61.6,100.00
Query_37082,1TQC_A,90.323,31,3,0,70,100,67,97,5.72e-11,61.6,100.00
Query_37082,QAU19536.1,93.548,31,2,0,70,100,185,215,5.75e-11,64.3,100.00
Query_37082,QKI87313.1,93.548,31,2,0,70,100,193,223,5.77e-11,64.3,100.00
Query_37082,ABL86014.1,93.548,31,2,0,70,100,201,231,5.81e-11,64.3,100.00
Query_37082,AIG55226.1,90.323,31,3,0,70,100,190,220,5.91e-11,64.3,100.00
Query_37082,AAZ81476.1,93.548,31,2,0,70,100,193,223,5.95e-11,64.3,100.00
Query_37082,QMT14989.1,93.548,31,2,0,70,100,193,223,5.95e-11,64.3,100.00
Query_37082,AAD19999.1,93.548,31,2,0,70,100,158,188,5.97e-11,63.5,100.00
Query_37082,AAB61573.1,93.548,31,2,0,70,100,170,200,6.01e-11,63.9,100.00
Query_37082,QMT15671.1,93.548,31,2,0,70,100,193,223,6.01e-11,64.3,100.00
Query_37082,ACO53398.1,93.548,31,2,0,70,100,193,223,6.01e-11,64.3,100.00
Query_37082,ABM89548.1,93.548,31,2,0,70,100,193,223,6.01e-11,64.3,100.00
Query_37082,QKI87062.1,93.548,31,2,0,70,100,193,223,6.07e-11,64.3,100.00
Query_37082,AFF27617.1,93.548,31,2,0,70,100,193,223,6.07e-11,64.3,100.00
Query_37082,1Y2S_A,90.323,31,3,0,70,100,72,102,6.08e-11,61.6,100.00
Query_37082,1TQB_A,90.323,31,3,0,70,100,67,97,6.18e-11,61.2,100.00
Query_37082,AAC33174.2,93.548,31,2,0,70,100,193,223,6.20e-11,64.3,100.00
Query_37082,ABC88242.1,93.548,31,2,0,70,100,193,223,6.20e-11,64.3,100.00
Query_37082,QKI87177.1,93.548,31,2,0,70,100,193,223,6.20e-11,64.3,100.00
Query_37082,AAP33275.1,93.548,31,2,0,70,100,193,223,6.20e-11,64.3,100.00
Query_37082,ABS87897.1,93.548,31,2,0,70,100,193,223,6.20e-11,64.3,100.00
Query_37082,AAP33274.1,93.548,31,2,0,70,100,193,223,6.20e-11,64.3,100.00
Query_37082,XP_020739306.1,93.548,31,2,0,70,100,193,223,6.20e-11,64.3,100.00
Query_37082,ABL75512.1,93.548,31,2,0,70,100,186,216,6.24e-11,64.3,100.00
Query_37082,XP_039080505.1,87.097,31,4,0,70,100,194,224,6.26e-11,64.3,100.00
Query_37082,AAC33165.1,93.548,31,2,0,70,100,170,200,6.26e-11,63.9,100.00
Query_37082,AFF27615.1,93.548,31,2,0,70,100,193,223,6.26e-11,64.3,100.00
Query_37082,QKI86949.1,93.548,31,2,0,70,100,193,223,6.26e-11,64.3,100.00
Query_37082,ABS87885.1,93.548,31,2,0,70,100,193,223,6.26e-11,64.3,100.00
Query_37082,ABS87894.1,93.548,31,2,0,70,100,193,223,6.33e-11,64.3,100.00
Query_37082,AAQ23191.1,93.548,31,2,0,70,100,193,223,6.33e-11,64.3,100.00
Query_37082,QMT15740.1,93.548,31,2,0,70,100,193,223,6.33e-11,64.3,100.00
Query_37082,ABW79881.1,93.548,31,2,0,70,100,193,223,6.33e-11,64.3,100.00
Query_37082,AAF80286.1,93.548,31,2,0,70,100,201,231,6.37e-11,64.3,100.00
Query_37082,QMS79214.1,93.548,31,2,0,70,100,173,203,6.38e-11,63.5,100.00
Query_37082,QMS79219.1,93.548,31,2,0,70,100,173,203,6.38e-11,63.5,100.00
Query_37082,QMS79216.1,93.548,31,2,0,70,100,173,203,6.38e-11,63.5,100.00
Query_37082,QMS79222.1,93.548,31,2,0,70,100,173,203,6.38e-11,63.5,100.00
Query_37082,QMT15661.1,93.548,31,2,0,70,100,193,223,6.39e-11,64.3,100.00
Query_37082,QMT15427.1,93.548,31,2,0,70,100,193,223,6.39e-11,64.3,100.00
Query_37082,ANC95023.1,93.548,31,2,0,70,100,193,223,6.39e-11,64.3,100.00
Query_37082,P67986.1,93.548,31,2,0,70,100,193,223,6.39e-11,64.3,100.00
Query_37082,QMT15784.1,93.548,31,2,0,70,100,193,223,6.39e-11,64.3,100.00
Query_37082,QMT15098.1,93.548,31,2,0,70,100,193,223,6.39e-11,64.3,100.00
Query_37082,KAB0347020.1,93.548,31,2,0,70,100,193,223,6.39e-11,64.3,100.00
Query_37082,P47852.1,93.548,31,2,0,70,100,193,223,6.39e-11,64.3,100.00
Query_37082,QPM92923.1,93.548,31,2,0,70,100,193,223,6.39e-11,64.3,100.00
Query_37082,XP_012310816.1,93.548,31,2,0,70,100,189,219,6.42e-11,64.3,100.00
Query_37082,AAT85576.1,93.548,31,2,0,70,100,181,211,6.46e-11,63.9,100.00
Query_37082,QKI86993.1,93.548,31,2,0,70,100,193,223,6.46e-11,64.3,100.00
Query_37082,AFF27616.1,93.548,31,2,0,70,100,193,223,6.46e-11,64.3,100.00
Query_37082,AAP37446.1,93.548,31,2,0,70,100,193,223,6.53e-11,64.3,100.00
Query_37082,QKI86945.1,93.548,31,2,0,70,100,193,223,6.53e-11,64.3,100.00
Query_37082,AXH06161.1,93.548,31,2,0,70,100,174,204,6.54e-11,63.5,100.00
Query_37082,AXH06166.1,93.548,31,2,0,70,100,174,204,6.54e-11,63.5,100.00
Query_37082,AAV30502.1,93.548,31,2,0,70,100,201,231,6.64e-11,64.3,100.00
Query_37082,AAV30500.1,93.548,31,2,0,70,100,201,231,6.64e-11,64.3,100.00
Query_37082,ACT98588.1,93.548,31,2,0,70,100,201,231,6.64e-11,64.3,100.00
Query_37082,QHG11703.1,93.548,31,2,0,70,100,193,223,6.66e-11,64.3,100.00
Query_37082,BAI49998.1,93.548,31,2,0,70,100,201,231,6.71e-11,64.3,100.00
Query_37082,ABE02801.1,93.548,31,2,0,70,100,201,231,6.71e-11,64.3,100.00
Query_37082,AGD99658.1,93.548,31,2,0,70,100,201,231,6.71e-11,64.3,100.00
Query_37082,AAC12861.2,93.548,31,2,0,70,100,193,223,6.73e-11,64.3,100.00
Query_37082,QMT15716.1,93.548,31,2,0,70,100,193,223,6.73e-11,64.3,100.00
Query_37082,AAQ64647.1,93.548,31,2,0,70,100,201,231,6.78e-11,64.3,100.00
Query_37082,AGD99659.1,93.548,31,2,0,70,100,201,231,6.78e-11,64.3,100.00
Query_37082,1UW3_A,90.323,31,3,0,70,100,66,96,6.79e-11,61.2,100.00
Query_37082,QKI86681.1,93.548,31,2,0,70,100,193,223,6.80e-11,64.3,100.00
Query_37082,AGH12821.1,90.323,31,3,0,70,100,96,126,6.85e-11,62.0,100.00
Query_37082,2L1K_A,90.323,31,3,0,70,100,72,102,6.87e-11,61.6,100.00
Query_37082,AAF80285.1,93.548,31,2,0,70,100,182,212,6.87e-11,63.9,100.00
Query_37082,AGD99656.1,93.548,31,2,0,70,100,193,223,6.87e-11,64.3,100.00
Query_37082,AAC69628.1,93.548,31,2,0,70,100,170,200,6.87e-11,63.5,100.00
Query_37082,AAC69626.1,93.548,31,2,0,70,100,170,200,6.87e-11,63.5,100.00
Query_37082,AGD99648.1,93.548,31,2,0,70,100,193,223,7.02e-11,64.3,100.00
Query_37082,QAU19537.1,93.548,31,2,0,70,100,193,223,7.02e-11,64.3,100.00
Query_37082,ABK59932.1,93.548,31,2,0,70,100,193,223,7.02e-11,64.3,100.00
Query_37082,AXH06160.1,93.548,31,2,0,70,100,174,204,7.04e-11,63.5,100.00
Query_37082,AXH06150.1,93.548,31,2,0,70,100,174,204,7.04e-11,63.5,100.00
Query_37082,AXH06155.1,93.548,31,2,0,70,100,174,204,7.04e-11,63.5,100.00
Query_37082,AXH06152.1,93.548,31,2,0,70,100,174,204,7.04e-11,63.5,100.00
Query_37082,1TPX_A,90.323,31,3,0,70,100,80,110,7.06e-11,61.6,100.00
Query_37082,ACT98569.1,93.548,31,2,0,70,100,201,231,7.06e-11,64.3,100.00
Query_37082,AGD99669.1,93.548,31,2,0,70,100,201,231,7.06e-11,64.3,100.00
Query_37082,AAC69627.1,93.548,31,2,0,70,100,170,200,7.09e-11,63.5,100.00
Query_37082,ADC94832.1,93.548,31,2,0,70,100,201,231,7.14e-11,64.3,100.00
Query_37082,QMT14977.1,93.548,31,2,0,70,100,193,223,7.16e-11,63.9,100.00
Query_37082,AAV30495.1,93.548,31,2,0,70,100,201,231,7.21e-11,64.3,100.00
Query_37082,BAF96452.1,90.323,31,3,0,70,100,100,130,7.22e-11,62.0,100.00
Query_37082,AGA63675.1,83.871,31,5,0,70,100,188,218,7.28e-11,63.9,100.00
Query_37082,ABY83003.1,83.871,31,5,0,70,100,188,218,7.28e-11,63.9,100.00
Query_37082,XP_025788623.1,83.871,31,5,0,70,100,188,218,7.28e-11,63.9,100.00
Query_37082,XP_012494723.1,93.548,31,2,0,70,100,191,221,7.33e-11,63.9,100.00
Query_37082,AXH06168.1,93.548,31,2,0,70,100,174,204,7.34e-11,63.5,100.00
Query_37082,AXH06162.1,93.548,31,2,0,70,100,174,204,7.34e-11,63.5,100.00
Query_37082,Q5UJH8.1,93.548,31,2,0,70,100,201,231,7.36e-11,64.3,100.00
Query_37082,ABL86020.1,93.548,31,2,0,70,100,201,231,7.36e-11,64.3,100.00
Query_37082,ABS87896.1,93.548,31,2,0,70,100,201,231,7.36e-11,64.3,100.00
Query_37082,AAD13290.1,93.548,31,2,0,70,100,178,208,7.38e-11,63.9,100.00
Query_37082,AAZ06807.1,93.548,31,2,0,70,100,201,231,7.39e-11,63.9,100.00
Query_37082,AAC43030.1,93.548,31,2,0,70,100,178,208,7.41e-11,63.5,100.00
Query_37082,2KFM_A,90.323,31,3,0,70,100,72,102,7.41e-11,61.6,100.00
Query_37082,AXH06170.1,93.548,31,2,0,70,100,174,204,7.42e-11,63.5,100.00
Query_37082,BAF96453.1,90.323,31,3,0,70,100,100,130,7.46e-11,62.0,100.00
Query_37082,XP_006047818.1,93.548,31,2,0,70,100,201,231,7.51e-11,64.3,100.00
Query_37082,AGD99646.1,93.548,31,2,0,70,100,201,231,7.59e-11,64.3,100.00
Query_37082,AAV30515.1,93.548,31,2,0,70,100,201,231,7.59e-11,64.3,100.00
Query_37082,AXH06163.1,93.548,31,2,0,70,100,174,204,7.66e-11,63.5,100.00
Query_37082,XP_012866409.1,87.097,31,4,0,70,100,198,228,7.70e-11,63.9,100.00
Query_37082,BAF96454.1,90.323,31,3,0,70,100,100,130,7.70e-11,62.0,100.00
Query_37082,AXO67793.1,93.548,31,2,0,70,100,193,223,7.75e-11,63.9,100.00
Query_37082,XP_028612940.1,90.323,31,3,0,70,100,190,220,7.80e-11,63.9,96.77
Query_37082,AGD99647.1,93.548,31,2,0,70,100,209,239,7.84e-11,64.3,100.00
Query_37082,XP_026925425.1,83.871,31,5,0,70,100,197,227,7.89e-11,63.9,100.00
Query_37082,AGA63667.1,83.871,31,5,0,70,100,197,227,7.89e-11,63.9,100.00
Query_37082,XP_019682354.2,83.871,31,5,0,70,100,197,227,7.89e-11,63.9,100.00
Query_37082,XP_040303541.1,83.871,31,5,0,70,100,197,227,7.89e-11,63.9,100.00
Query_37082,XP_019318155.1,83.871,31,5,0,70,100,197,227,7.89e-11,63.9,100.00
Query_37082,ACA50731.1,83.871,31,5,0,70,100,197,227,7.89e-11,63.9,100.00
Query_37082,2KU5_A,90.323,31,3,0,70,100,71,101,7.90e-11,61.2,100.00
Query_37082,2KU6_A,90.323,31,3,0,70,100,71,101,7.90e-11,61.2,100.00
Query_37082,2L1E_A,90.323,31,3,0,70,100,72,102,7.91e-11,61.6,100.00
Query_37082,2KFO_A,90.323,31,3,0,70,100,72,102,7.91e-11,61.6,100.00
Query_37082,6HHD_A,90.323,31,3,0,70,100,72,102,7.93e-11,61.2,100.00
Query_37082,1AG2_A,90.323,31,3,0,70,100,67,97,7.95e-11,61.2,100.00
Query_37082,AGA63699.1,83.871,31,5,0,70,100,197,227,7.96e-11,63.9,100.00
Query_37082,AAY34567.2,90.323,31,3,0,70,100,100,130,7.96e-11,62.0,100.00
Query_37082,2KTM_A,90.323,31,3,0,70,100,48,78,7.97e-11,60.8,96.77
Query_37082,3HER_A,96.774,31,1,0,70,100,101,131,8.07e-11,62.0,96.77
Query_37082,QMT15196.1,93.548,31,2,0,70,100,193,223,8.10e-11,63.9,100.00
Query_37082,2L40_A,90.323,31,3,0,70,100,72,102,8.17e-11,61.2,100.00
Query_37082,6HHD_C,90.323,31,3,0,70,100,72,102,8.18e-11,61.2,100.00
Query_37082,QMT15504.1,93.548,31,2,0,70,100,193,223,8.19e-11,63.9,100.00
Query_37082,3HES_A,96.774,31,1,0,70,100,101,131,8.25e-11,62.0,96.77
Query_37082,AGH12820.1,90.323,31,3,0,70,100,100,130,8.31e-11,62.0,100.00
Query_37082,BAF96499.1,90.323,31,3,0,70,100,100,130,8.31e-11,62.0,100.00
Query_37082,AAT09129.1,90.323,31,3,0,70,100,100,130,8.40e-11,62.0,100.00
Query_37082,1XYX_A,90.323,31,3,0,70,100,70,100,8.61e-11,61.2,100.00
Query_37082,QMT15197.1,93.548,31,2,0,70,100,193,223,8.62e-11,63.9,100.00
Query_37082,2L1D_A,90.323,31,3,0,70,100,72,102,8.63e-11,61.2,100.00
Query_37082,2L1H_A,90.323,31,3,0,70,100,72,102,8.82e-11,61.2,100.00
Query_37082,QIV64806.1,90.323,31,3,0,70,100,123,153,8.86e-11,62.4,100.00
Query_37082,QIV64804.1,90.323,31,3,0,70,100,123,153,8.86e-11,62.4,100.00
Query_37082,AEL12390.1,90.323,31,3,0,70,100,100,130,8.86e-11,61.6,100.00
Query_37082,BAF96470.1,90.323,31,3,0,70,100,100,130,8.86e-11,61.6,100.00
Query_37082,2K56_A,90.323,31,3,0,70,100,72,102,9.00e-11,61.2,100.00
Query_37082,2K5O_A,90.323,31,3,0,70,100,72,102,9.11e-11,61.2,100.00
Query_37082,BAF96468.1,90.323,31,3,0,70,100,100,130,9.16e-11,61.6,100.00
Query_37082,RIL45915.1,90.323,31,3,0,70,100,15,45,9.17e-11,61.6,100.00
Query_37082,AFM91142.1,90.000,30,3,0,71,100,194,223,9.17e-11,63.9,100.00
Query_37082,BAF96494.1,90.323,31,3,0,70,100,100,130,9.26e-11,61.6,100.00
Query_37082,6HER_A,90.323,31,3,0,70,100,73,103,9.27e-11,61.2,100.00
Query_37082,1Y15_A,90.323,31,3,0,70,100,70,100,9.29e-11,61.2,100.00
Query_37082,BBD75291.1,93.548,31,2,0,70,100,201,231,9.30e-11,63.9,100.00
Query_37082,QIV64781.1,90.323,31,3,0,70,100,123,153,9.55e-11,62.4,100.00
Query_37082,QIV64778.1,90.323,31,3,0,70,100,123,153,9.55e-11,62.4,100.00
Query_37082,QIV64860.1,90.323,31,3,0,70,100,123,153,9.65e-11,62.4,100.00
Query_37082,QIV64780.1,90.323,31,3,0,70,100,123,153,9.65e-11,62.4,100.00
Query_37082,QIV64785.1,90.323,31,3,0,70,100,123,153,9.65e-11,62.4,100.00
Query_37082,QIV64797.1,90.323,31,3,0,70,100,123,153,9.65e-11,62.4,100.00
Query_37082,XP_008254357.1,87.097,31,4,0,70,100,189,219,9.91e-11,63.5,100.00
Query_37082,ABM90806.1,87.097,31,4,0,70,100,193,223,9.96e-11,63.5,96.77
Query_37082,QIV64825.1,90.323,31,3,0,70,100,123,153,9.97e-11,62.4,100.00
Query_37082,QIV64818.1,90.323,31,3,0,70,100,123,153,1.01e-10,62.4,100.00
Query_37082,AAD19992.1,93.548,31,2,0,70,100,177,207,1.01e-10,63.5,96.77
Query_37082,1Y16_A,90.323,31,3,0,70,100,70,100,1.01e-10,61.2,100.00
Query_37082,QIV64814.1,90.323,31,3,0,70,100,123,153,1.04e-10,62.4,100.00
Query_37082,QIV64811.1,90.323,31,3,0,70,100,123,153,1.05e-10,62.4,100.00
Query_37082,QIV64796.1,90.323,31,3,0,70,100,123,153,1.05e-10,62.4,100.00
Query_37082,QIV64792.1,90.323,31,3,0,70,100,123,153,1.05e-10,62.4,100.00
Query_37082,QIV64777.1,90.323,31,3,0,70,100,123,153,1.05e-10,62.4,100.00
Query_37082,QIV64843.1,90.323,31,3,0,70,100,123,153,1.05e-10,62.4,100.00
Query_37082,2N53_A,90.323,31,3,0,70,100,113,143,1.06e-10,62.0,100.00
Query_37082,4MA7_A,90.323,31,3,0,70,100,74,104,1.06e-10,61.2,100.00
Query_37082,QIV64809.1,90.323,31,3,0,70,100,123,153,1.07e-10,62.4,100.00
Query_37082,6AQ7_A,90.323,31,3,0,70,100,86,116,1.09e-10,61.2,100.00
Query_37082,QIV64808.1,90.323,31,3,0,70,100,123,153,1.12e-10,62.4,100.00
Query_37082,QIV64812.1,90.323,31,3,0,70,100,123,153,1.16e-10,62.4,100.00
Query_37082,QIV64823.1,90.323,31,3,0,70,100,123,153,1.17e-10,62.4,100.00
Query_37082,QIV64790.1,90.323,31,3,0,70,100,123,153,1.17e-10,62.4,100.00
Query_37082,ABS87898.1,87.097,31,4,0,70,100,193,223,1.19e-10,63.5,100.00
Query_37082,QGW35013.1,90.323,31,3,0,70,100,155,185,1.19e-10,63.2,100.00
Query_37082,QIV64873.1,90.323,31,3,0,70,100,123,153,1.20e-10,62.4,100.00
Query_37082,QGW34991.1,90.323,31,3,0,70,100,155,185,1.23e-10,62.8,100.00
Query_37082,QGW35004.1,90.323,31,3,0,70,100,155,185,1.23e-10,62.8,100.00
Query_37082,QIV64830.1,90.323,31,3,0,70,100,123,153,1.23e-10,62.0,100.00
Query_37082,ACB46963.2,93.548,31,2,0,70,100,191,221,1.24e-10,63.5,100.00
Query_37082,QGW34999.1,90.323,31,3,0,70,100,155,185,1.28e-10,62.8,100.00
Query_37082,QGW35017.1,90.323,31,3,0,70,100,155,185,1.28e-10,62.8,100.00
Query_37082,QGW34998.1,90.323,31,3,0,70,100,155,185,1.28e-10,62.8,100.00
Query_37082,QGW35020.1,90.323,31,3,0,70,100,155,185,1.28e-10,62.8,100.00
Query_37082,QGW34992.1,90.323,31,3,0,70,100,155,185,1.30e-10,62.8,100.00
Query_37082,QGW35010.1,90.323,31,3,0,70,100,155,185,1.30e-10,62.8,100.00
Query_37082,QGW35043.1,90.323,31,3,0,70,100,155,185,1.30e-10,62.8,100.00
Query_37082,QGW35024.1,90.323,31,3,0,70,100,155,185,1.30e-10,62.8,100.00
Query_37082,QGW34995.1,90.323,31,3,0,70,100,155,185,1.30e-10,62.8,100.00
Query_37082,AAN16495.1,90.323,31,3,0,70,100,159,189,1.30e-10,62.8,100.00
Query_37082,QGW35014.1,90.323,31,3,0,70,100,155,185,1.31e-10,62.8,100.00
Query_37082,QGW35029.1,90.323,31,3,0,70,100,155,185,1.37e-10,62.8,100.00
Query_37082,QGW35026.1,90.323,31,3,0,70,100,155,185,1.37e-10,62.8,100.00
Query_37082,QGW35000.1,90.323,31,3,0,70,100,155,185,1.38e-10,62.8,100.00
Query_37082,QGW34997.1,90.323,31,3,0,70,100,155,185,1.38e-10,62.8,100.00
Query_37082,1XYQ_A,90.323,31,3,0,70,100,70,100,1.39e-10,60.8,100.00
Query_37082,Q95270.1,93.548,31,2,0,70,100,175,205,1.39e-10,63.2,100.00
Query_37082,QGW35019.1,90.323,31,3,0,70,100,155,185,1.42e-10,62.8,100.00
Query_37082,QGW35044.1,90.323,31,3,0,70,100,155,185,1.44e-10,62.8,100.00
Query_37082,QGW35064.1,90.323,31,3,0,70,100,155,185,1.44e-10,62.8,100.00
Query_37082,QGW34996.1,90.323,31,3,0,70,100,155,185,1.44e-10,62.8,100.00
Query_37082,AAN16494.1,90.323,31,3,0,70,100,168,198,1.46e-10,62.8,100.00
Query_37082,AXQ60484.1,90.323,31,3,0,70,100,147,177,1.46e-10,62.8,100.00
Query_37082,QGW35030.1,90.323,31,3,0,70,100,155,185,1.47e-10,62.8,100.00
Query_37082,QGW35032.1,90.323,31,3,0,70,100,155,185,1.47e-10,62.8,100.00
Query_37082,AAV41884.1,93.548,31,2,0,70,100,161,191,1.49e-10,62.8,100.00
Query_37082,QGW35022.1,90.323,31,3,0,70,100,155,185,1.52e-10,62.8,100.00
Query_37082,QGW35034.1,90.323,31,3,0,70,100,155,185,1.53e-10,62.8,100.00
Query_37082,QGW35036.1,90.323,31,3,0,70,100,155,185,1.53e-10,62.8,100.00
Query_37082,QGW35037.1,90.323,31,3,0,70,100,155,185,1.53e-10,62.8,100.00
Query_37082,AAN16489.1,87.097,31,4,0,70,100,200,230,1.54e-10,63.2,100.00
Query_37082,AAD19986.1,87.097,31,4,0,70,100,193,223,1.57e-10,63.2,100.00
Query_37082,PTF44512.1,90.323,31,3,0,70,100,53,83,1.62e-10,61.2,100.00
Query_37082,AAD19994.1,90.323,31,3,0,70,100,166,196,1.65e-10,62.8,100.00
Query_37082,AAA41947.1,90.323,31,3,0,70,100,162,192,1.65e-10,62.8,100.00
Query_37082,2KU4_A,90.323,31,3,0,70,100,72,102,1.67e-10,60.5,100.00
Query_37082,XP_025255554.1,93.548,31,2,0,70,100,190,220,1.69e-10,63.2,100.00
Query_37082,AIG55234.1,90.323,31,3,0,70,100,171,201,1.71e-10,62.8,100.00
Query_37082,AAD19990.1,90.323,31,3,0,70,100,165,195,1.73e-10,62.4,100.00
Query_37082,NP_001075490.1,87.097,31,4,0,70,100,191,221,1.78e-10,63.2,100.00
Query_37082,CAI92370.1,90.323,31,3,0,70,100,160,190,1.79e-10,62.4,100.00
Query_37082,ABL75505.1,87.097,31,4,0,70,100,181,211,1.86e-10,62.8,100.00
Query_37082,P40245.1,93.548,31,2,0,70,100,182,212,1.86e-10,62.8,100.00
Query_37082,QBL57938.1,87.097,31,4,0,70,100,193,223,1.87e-10,63.2,96.77
Query_37082,ABR23642.1,90.323,31,3,0,70,100,190,220,1.95e-10,62.8,100.00
Query_37082,WP_198645831.1,90.323,31,3,0,70,100,107,137,1.98e-10,62.0,100.00
Query_37082,ABR23643.1,90.323,31,3,0,70,100,190,220,2.06e-10,62.8,100.00
Query_37082,AAD19980.1,90.323,31,3,0,70,100,157,187,2.06e-10,62.0,100.00
Query_37082,XP_008051723.1,90.323,31,3,0,70,100,190,220,2.06e-10,62.8,100.00
Query_37082,AIP98357.1,83.871,31,5,0,70,100,172,202,2.09e-10,62.8,96.77
Query_37082,AAD13288.1,93.548,31,1,1,70,100,156,185,2.11e-10,62.4,96.77
Query_37082,XP_036041153.1,90.323,31,3,0,70,100,190,220,2.12e-10,62.8,100.00
Query_37082,XP_003476650.1,83.871,31,5,0,70,100,180,210,2.12e-10,62.8,96.77
Query_37082,XP_006984054.1,90.323,31,3,0,70,100,190,220,2.16e-10,62.8,100.00
Query_37082,OBS72954.1,90.323,31,3,0,70,100,189,219,2.17e-10,62.8,100.00
Query_37082,ABG46335.1,87.097,31,4,0,70,100,193,223,2.18e-10,62.8,96.77
Query_37082,XP_028734444.1,90.323,31,3,0,70,100,190,220,2.18e-10,62.8,100.00
Query_37082,ACV85679.1,90.323,31,3,0,70,100,190,220,2.20e-10,62.8,100.00
Query_37082,ACV85682.1,90.323,31,3,0,70,100,189,219,2.21e-10,62.8,100.00
Query_37082,AAL57231.1,90.323,31,3,0,70,100,190,220,2.32e-10,62.8,100.00
Query_37082,XP_031227826.1,90.323,31,3,0,70,100,190,220,2.32e-10,62.8,100.00
Query_37082,QBL57979.1,87.097,31,4,0,70,100,193,223,2.34e-10,62.8,96.77
Query_37082,ACV85681.1,90.323,31,3,0,70,100,189,219,2.35e-10,62.8,100.00
Query_37082,ACA50723.1,90.323,31,3,0,70,100,176,206,2.41e-10,62.4,100.00
Query_37082,AAO67544.1,90.323,31,3,0,70,100,193,223,2.41e-10,62.8,100.00
Query_37082,Q9Z0T3.1,90.323,31,3,0,70,100,190,220,2.47e-10,62.8,100.00
Query_37082,AAD19995.1,90.323,31,3,0,70,100,190,220,2.47e-10,62.8,100.00
Query_37082,QBL57978.1,87.097,31,4,0,70,100,193,223,2.49e-10,62.8,96.77
Query_37082,XP_023593290.1,93.548,31,2,0,70,100,202,232,2.49e-10,62.8,100.00
Query_37082,QBL57983.1,87.097,31,4,0,70,100,193,223,2.51e-10,62.8,96.77
Query_37082,AIG55233.1,90.323,31,3,0,70,100,178,208,2.51e-10,62.4,100.00
Query_37082,XP_005365625.1,90.323,31,3,0,70,100,189,219,2.52e-10,62.8,100.00
Query_37082,AAL57232.1,90.323,31,3,0,70,100,182,212,2.54e-10,62.4,100.00
Query_37082,ABL86021.1,90.323,31,3,0,70,100,193,223,2.54e-10,62.8,100.00
Query_37082,QHZ32187.1,90.323,31,3,0,70,100,193,223,2.57e-10,62.8,100.00
Query_37082,AAN16510.1,93.548,31,2,0,70,100,202,232,2.57e-10,62.8,100.00
Query_37082,AIG55232.1,90.323,31,3,0,70,100,190,220,2.57e-10,62.4,100.00
Query_37082,AIG55230.1,90.323,31,3,0,70,100,190,220,2.61e-10,62.4,100.00
Query_37082,ACV85680.1,90.323,31,3,0,70,100,189,219,2.63e-10,62.4,100.00
Query_37082,ABI95851.1,83.871,31,5,0,70,100,193,223,2.65e-10,62.8,96.77
Query_37082,CAF5071679.1,90.323,31,3,0,70,100,182,212,2.70e-10,62.0,100.00
Query_37082,XP_039719721.1,93.548,31,2,0,70,100,201,231,2.71e-10,62.8,100.00
Query_37082,XP_011368236.1,93.548,31,2,0,70,100,201,231,2.71e-10,62.8,100.00
Query_37082,XP_038186601.1,90.323,31,3,0,70,100,189,219,2.71e-10,62.4,100.00
Query_37082,BAF96483.1,87.097,31,4,0,70,100,100,130,2.73e-10,60.5,100.00
Query_37082,BAF96480.1,87.097,31,4,0,70,100,100,130,2.76e-10,60.5,100.00
Query_37082,WP_198649299.1,90.323,31,3,0,70,100,170,200,2.77e-10,62.4,100.00
Query_37082,XP_021506751.1,90.323,31,3,0,70,100,189,219,2.80e-10,62.4,100.00
Query_37082,BAF96490.1,87.097,31,4,0,70,100,100,130,2.82e-10,60.5,100.00
Query_37082,3O79_A,87.097,31,4,0,70,100,65,95,2.83e-10,59.7,100.00
Query_37082,ABL86017.1,90.323,31,3,0,70,100,193,223,2.84e-10,62.4,100.00
Query_37082,O46501.1,93.333,30,2,0,71,100,193,222,2.85e-10,62.4,100.00
Query_37082,XP_012610621.1,90.323,31,3,0,70,100,191,221,2.97e-10,62.4,100.00
Query_37082,BAF96467.1,87.097,31,4,0,70,100,100,130,3.07e-10,60.5,96.77
Query_37082,BAF96466.1,87.097,31,4,0,70,100,100,130,3.11e-10,60.5,100.00
Query_37082,BAF96482.1,87.097,31,4,0,70,100,100,130,3.21e-10,60.5,96.77
Query_37082,BBD75294.1,90.323,31,3,0,70,100,193,223,3.31e-10,62.4,100.00
Query_37082,AAU02122.1,87.097,31,4,0,70,100,193,223,3.39e-10,62.4,96.77
Query_37082,BBD75295.1,90.323,31,3,0,70,100,193,223,3.41e-10,62.4,100.00
Query_37082,QGW35012.1,87.097,31,4,0,70,100,155,185,3.44e-10,61.6,100.00
Query_37082,QBL57935.1,87.097,31,4,0,70,100,193,223,3.56e-10,62.4,96.77
Query_37082,PTG04370.1,90.323,31,3,0,70,100,53,83,3.65e-10,62.4,100.00
Query_37082,NP_001296849.1,90.323,31,3,0,70,100,191,221,3.65e-10,62.0,100.00
Query_37082,4H88_A,90.000,30,3,0,71,100,71,100,3.65e-10,59.7,100.00
Query_37082,AAN16493.1,83.871,31,5,0,70,100,156,186,3.66e-10,61.6,96.77
Query_37082,AAN16517.1,93.548,31,2,0,70,100,187,217,3.79e-10,62.0,100.00
Query_37082,AAN16490.1,87.097,31,4,0,70,100,165,195,3.90e-10,61.6,100.00
Query_37082,AAN16516.1,93.548,31,2,0,70,100,196,226,4.11e-10,62.0,100.00
Query_37082,4HMM_A,87.097,31,4,0,70,100,92,122,4.12e-10,60.1,100.00
Query_37082,4HLS_A,87.097,31,4,0,70,100,92,122,4.12e-10,60.1,100.00
Query_37082,AGA63682.1,87.097,31,4,0,70,100,186,216,4.21e-10,62.0,100.00
Query_37082,4HMR_A,87.097,31,4,0,70,100,92,122,4.26e-10,60.1,100.00
Query_37082,XP_034496167.1,87.097,31,4,0,70,100,194,224,4.37e-10,62.0,100.00
Query_37082,WP_119559096.1,90.323,31,3,0,70,100,53,83,4.39e-10,62.4,100.00
Query_37082,XP_026358863.1,87.097,31,4,0,70,100,194,224,4.50e-10,62.0,100.00
Query_37082,XP_040493951.1,87.097,31,4,0,70,100,194,224,4.60e-10,62.0,100.00
Query_37082,AAD20000.1,90.323,31,3,0,70,100,167,197,4.72e-10,61.6,100.00
Query_37082,AGG68171.1,90.000,30,3,0,70,99,95,124,4.77e-10,59.7,100.00
Query_37082,QGW34994.1,90.000,30,3,0,71,100,156,185,4.86e-10,61.2,100.00
Query_37082,AGG53963.1,90.000,30,3,0,70,99,95,124,4.92e-10,59.7,100.00
Query_37082,AAX77227.1,90.323,31,3,0,70,100,193,223,5.05e-10,62.0,100.00
Query_37082,QGW35062.1,90.000,30,3,0,71,100,156,185,5.06e-10,61.2,100.00
Query_37082,QGW35005.1,90.000,30,3,0,71,100,156,185,5.06e-10,61.2,100.00
Query_37082,QGW35040.1,90.000,30,3,0,71,100,156,185,5.06e-10,61.2,100.00
Query_37082,2FJ3_A,87.097,31,4,0,70,100,99,129,5.08e-10,60.1,100.00
Query_37082,WP_107607715.1,90.323,31,3,0,70,100,53,83,5.18e-10,62.4,100.00
Query_37082,AGG68168.1,90.000,30,3,0,70,99,94,123,5.31e-10,59.7,100.00
Query_37082,ACI28907.1,90.323,31,3,0,70,100,194,224,5.36e-10,61.6,100.00
Query_37082,XP_025255553.1,100.000,28,0,0,70,97,291,318,5.50e-10,62.0,100.00
Query_37082,QGW35033.1,90.000,30,3,0,71,100,156,185,5.51e-10,61.2,100.00
Query_37082,AAV83493.1,90.323,31,3,0,70,100,194,224,5.53e-10,61.6,100.00
Query_37082,ACG59267.1,90.323,31,3,0,70,100,192,222,5.55e-10,61.6,100.00
Query_37082,ABL86002.1,90.323,31,3,0,70,100,192,222,5.70e-10,61.6,100.00
Query_37082,ACG59264.1,90.323,31,3,0,70,100,192,222,5.73e-10,61.6,100.00
Query_37082,AAN16505.1,90.323,31,3,0,70,100,192,222,5.76e-10,61.6,100.00
Query_37082,NP_001008687.1,90.323,31,3,0,70,100,194,224,5.76e-10,61.6,100.00
Query_37082,XP_032950686.1,90.323,31,3,0,70,100,193,223,5.77e-10,61.6,100.00
Query_37082,ABL86003.1,90.323,31,3,0,70,100,192,222,5.82e-10,61.6,100.00
Query_37082,ACG59262.1,90.323,31,3,0,70,100,192,222,5.85e-10,61.6,100.00
Query_37082,WP_107522858.1,90.323,31,3,0,70,100,37,67,5.88e-10,62.4,100.00
Query_37082,ABL86010.1,90.323,31,3,0,70,100,192,222,6.00e-10,61.6,100.00
Query_37082,ACG59273.1,90.323,31,3,0,70,100,192,222,6.03e-10,61.6,100.00
Query_37082,ABL86008.1,90.323,31,3,0,70,100,192,222,6.06e-10,61.6,100.00
Query_37082,ACG59268.1,90.323,31,3,0,70,100,192,222,6.09e-10,61.6,100.00
Query_37082,NP_001137270.2,90.323,31,3,0,70,100,192,222,6.09e-10,61.6,100.00
Query_37082,2JOH_A,87.097,31,4,0,70,100,101,131,6.11e-10,60.1,100.00
Query_37082,XP_023481692.1,90.323,31,3,0,70,100,192,222,6.16e-10,61.6,100.00
Query_37082,AAD19983.1,90.323,31,3,0,70,100,177,207,6.34e-10,61.2,100.00
Query_37082,XP_004840825.1,83.871,31,5,0,70,100,180,210,6.34e-10,61.6,96.77
Query_37082,ACG59272.1,90.323,31,3,0,70,100,192,222,6.41e-10,61.6,100.00
Query_37082,ACG59265.1,90.323,31,3,0,70,100,192,222,6.48e-10,61.6,100.00
Query_37082,ABA60618.1,90.323,31,3,0,70,100,179,209,6.52e-10,60.8,100.00
Query_37082,O18754.3,83.871,31,5,0,70,100,193,223,6.53e-10,61.6,100.00
Query_37082,XP_014722575.1,90.323,31,3,0,70,100,192,222,6.55e-10,61.6,100.00
Query_37082,XP_037667816.1,93.333,30,2,0,70,99,198,227,6.58e-10,61.6,100.00
Query_37082,ACG59266.1,90.323,31,3,0,70,100,192,222,6.68e-10,61.6,100.00
Query_37082,ACG59275.1,90.323,31,3,0,70,100,192,222,6.68e-10,61.6,100.00
Query_37082,AIP98354.1,83.871,31,5,0,70,100,178,208,6.70e-10,61.2,96.77
Query_37082,XP_005380875.1,83.871,31,5,0,70,100,180,210,6.82e-10,61.2,96.77
Query_37082,ACG59261.1,90.323,31,3,0,70,100,192,222,6.82e-10,61.6,100.00
Query_37082,ACG59277.1,90.323,31,3,0,70,100,192,222,6.89e-10,61.6,100.00
Query_37082,AAN16507.1,87.097,31,4,0,70,100,167,197,6.94e-10,61.2,100.00
Query_37082,BAD72795.1,90.323,31,3,0,70,100,175,205,6.94e-10,60.8,100.00
Query_37082,PTI37463.1,90.323,31,3,0,70,100,9,39,7.09e-10,62.0,100.00
Query_37082,ACG59271.1,90.323,31,3,0,70,100,192,222,7.11e-10,61.2,100.00
Query_37082,ABL86018.1,87.097,31,4,0,70,100,193,223,7.24e-10,61.2,96.77
Query_37082,XP_004661548.1,90.323,31,3,0,70,100,196,226,7.31e-10,61.6,100.00
Query_37082,PTE40195.1,90.323,31,3,0,70,100,53,83,7.33e-10,62.0,100.00
Query_37082,AGG68169.1,93.103,29,2,0,70,98,97,125,7.84e-10,59.3,100.00
Query_37082,AAN16501.1,90.323,31,3,0,70,100,193,223,7.91e-10,61.2,100.00
Query_37082,AAN16500.1,90.323,31,3,0,70,100,194,224,7.98e-10,61.2,100.00
Query_37082,XP_004661547.1,90.323,31,3,0,70,100,209,239,7.99e-10,61.6,100.00
Query_37082,AGG68170.1,93.103,29,2,0,70,98,93,121,8.20e-10,58.9,100.00
Query_37082,AGG53964.1,93.103,29,2,0,70,98,95,123,8.28e-10,58.9,100.00
Query_37082,WP_142397969.1,90.323,31,3,0,70,100,53,83,8.43e-10,61.6,100.00
Query_37082,XP_037354562.1,87.097,31,4,0,70,100,178,208,8.95e-10,60.8,100.00
Query_37082,BAO57173.1,87.097,31,4,0,70,100,177,207,9.31e-10,60.8,100.00
Query_37082,AAN16488.1,87.097,31,4,0,70,100,191,221,9.36e-10,60.8,100.00
Query_37082,XP_008577176.1,87.097,31,4,0,70,100,191,221,9.49e-10,61.2,100.00
Query_37082,BAO57172.1,87.097,31,4,0,70,100,177,207,9.50e-10,60.8,100.00
Query_37082,AAN16496.1,87.097,31,4,0,70,100,205,235,9.63e-10,61.2,100.00
Query_37082,ACA50729.1,87.097,31,4,0,70,100,174,204,1.03e-09,60.8,100.00
Query_37082,AGA63665.1,87.097,31,4,0,70,100,194,224,1.05e-09,60.8,100.00
Query_37082,ABP65297.1,87.097,31,4,0,70,100,194,224,1.07e-09,60.8,100.00
Query_37082,ACG59263.1,90.323,31,3,0,70,100,192,222,1.07e-09,60.8,96.77
Query_37082,2JOM_A,83.871,31,5,0,70,100,101,131,1.09e-09,59.3,100.00
Query_37082,XP_037354552.1,87.097,31,4,0,70,100,205,235,1.11e-09,60.8,100.00
Query_37082,AGA63705.1,87.097,31,4,0,70,100,194,224,1.11e-09,60.8,100.00
Query_37082,AGA63684.1,87.097,31,4,0,70,100,194,224,1.13e-09,60.8,100.00
Query_37082,P40244.1,87.097,31,4,0,70,100,194,224,1.14e-09,60.8,100.00
Query_37082,XP_006164040.1,87.097,31,4,0,70,100,200,230,1.15e-09,60.8,100.00
Query_37082,ACA50738.1,87.097,31,4,0,70,100,194,224,1.16e-09,60.8,100.00
Query_37082,AGA63708.1,87.097,31,4,0,70,100,194,224,1.17e-09,60.8,100.00
Query_37082,ACA50732.1,87.097,31,4,0,70,100,194,224,1.18e-09,60.8,100.00
Query_37082,KAF0879375.1,87.097,31,4,0,70,100,194,224,1.18e-09,60.8,100.00
Query_37082,AAP37942.1,87.097,31,4,0,70,100,172,202,1.18e-09,60.5,100.00
Query_37082,AGA63686.1,87.097,31,4,0,70,100,194,224,1.19e-09,60.8,100.00
Query_37082,CBK44083.1,87.097,31,4,0,70,100,150,180,1.20e-09,59.7,100.00
Query_37082,XP_032715010.1,87.097,31,4,0,70,100,194,224,1.20e-09,60.8,100.00
Query_37082,XP_032207221.1,87.097,31,4,0,70,100,194,224,1.20e-09,60.8,100.00
Query_37082,XP_004398257.1,87.097,31,4,0,70,100,194,224,1.22e-09,60.8,100.00
Query_37082,AGA63680.1,87.097,31,4,0,70,100,194,224,1.22e-09,60.5,100.00
Query_37082,ACA50728.1,87.097,31,4,0,70,100,194,224,1.23e-09,60.8,100.00
Query_37082,XP_027478944.1,87.097,31,4,0,70,100,196,226,1.24e-09,60.8,100.00
Query_37082,XP_022350005.1,87.097,31,4,0,70,100,194,224,1.24e-09,60.8,100.00
Query_37082,AGA63683.1,87.097,31,4,0,70,100,194,224,1.25e-09,60.5,100.00
Query_37082,AAN16491.1,87.097,31,4,0,70,100,192,222,1.25e-09,60.8,100.00
Query_37082,XP_025731879.1,87.097,31,4,0,70,100,196,226,1.29e-09,60.8,100.00
Query_37082,BAF96474.1,83.871,31,5,0,70,100,100,130,1.29e-09,58.9,93.55
Query_37082,XP_004611001.1,93.103,29,2,0,70,98,194,222,1.29e-09,60.8,100.00
Query_37082,1XYJ_A,83.871,31,5,0,70,100,70,100,1.33e-09,58.2,100.00
Query_37082,XP_025732400.1,87.097,31,4,0,70,100,196,226,1.37e-09,60.8,100.00
Query_37082,1XYK_A,83.871,31,5,0,70,100,70,100,1.41e-09,58.2,100.00
Query_37082,AIP98359.1,87.097,31,4,0,70,100,176,206,1.44e-09,60.1,100.00
Query_37082,AAS94127.1,83.871,31,5,0,70,100,173,203,1.52e-09,60.1,100.00
Query_37082,XP_010605846.1,83.871,31,5,0,70,100,172,202,1.56e-09,60.5,96.77
Query_37082,AIP98358.1,87.097,31,4,0,70,100,183,213,1.60e-09,60.1,100.00
Query_37082,CAA74032.1,83.871,31,5,0,70,100,82,112,1.62e-09,58.2,100.00
Query_37082,AAN16498.1,90.000,30,3,0,70,99,178,207,1.63e-09,60.1,100.00
Query_37082,XP_006744374.1,83.871,31,5,0,70,100,194,224,2.01e-09,60.1,100.00
Query_37082,XP_021544829.1,83.871,31,5,0,70,100,194,224,2.05e-09,60.1,100.00
Query_37082,XP_034861793.1,83.871,31,5,0,70,100,194,224,2.09e-09,60.1,100.00
Query_37082,ABI95846.1,83.871,31,5,0,70,100,193,223,2.19e-09,60.1,93.55
Query_37082,ACR56869.1,87.097,31,4,0,70,100,192,222,2.43e-09,60.1,100.00
Query_37082,AAN16511.1,83.871,31,5,0,70,100,167,197,2.50e-09,59.7,100.00
Query_37082,2LH8_A,83.871,31,5,0,70,100,66,96,2.78e-09,57.4,96.77
Query_37082,AAN16499.1,93.103,29,2,0,70,98,168,196,2.86e-09,59.3,100.00
Query_37082,XP_007073288.1,83.871,31,5,0,70,100,161,191,3.04e-09,59.3,100.00
Query_37082,AIG55231.1,83.871,31,5,0,70,100,190,220,3.24e-09,59.7,93.55
Query_37082,XP_029772432.1,83.871,31,5,0,70,100,190,220,3.46e-09,59.7,100.00
Query_37082,AAD12063.1,83.871,31,5,0,70,100,153,183,3.51e-09,58.9,100.00
Query_37082,AAD12062.1,83.871,31,5,0,70,100,153,183,3.55e-09,58.9,100.00
Query_37082,ATQ64260.1,83.871,31,5,0,70,100,170,200,3.60e-09,58.9,100.00
Query_37082,AAD12061.1,83.871,31,5,0,70,100,153,183,3.66e-09,58.9,100.00
Query_37082,KFO22194.1,83.871,31,5,0,70,100,160,190,3.67e-09,59.3,96.77
Query_37082,BAE29994.1,88.889,27,3,0,74,100,193,219,3.67e-09,59.3,100.00
Query_37082,XP_032275563.1,83.871,31,5,0,70,100,194,224,3.75e-09,59.3,100.00
Query_37082,AIP98356.1,83.871,31,5,0,70,100,170,200,3.79e-09,59.3,96.77
Query_37082,AGA63692.1,83.871,31,5,0,70,100,194,224,3.90e-09,59.3,100.00
Query_37082,AAA37093.1,83.871,31,5,0,70,100,101,131,3.91e-09,57.8,96.77
Query_37082,ATP76281.1,83.871,31,5,0,70,100,194,224,3.98e-09,59.3,100.00
Query_37082,AGA63690.1,83.871,31,5,0,70,100,194,224,4.03e-09,59.3,100.00
Query_37082,AGA63693.1,83.871,31,5,0,70,100,194,224,4.03e-09,59.3,100.00
Query_37082,XP_038288749.1,83.871,31,5,0,70,100,194,224,4.07e-09,59.3,100.00
Query_37082,XP_023574355.1,80.645,31,6,0,70,100,180,210,4.09e-09,59.3,96.77
Query_37082,NP_001013441.1,83.871,31,5,0,70,100,194,224,4.15e-09,59.3,100.00
Query_37082,AGA63670.1,83.871,31,5,0,70,100,194,224,4.15e-09,59.3,100.00
Query_37082,AGA63696.1,83.871,31,5,0,70,100,202,232,4.24e-09,59.3,100.00
Query_37082,1B10_A,83.871,31,5,0,70,100,101,131,4.30e-09,57.8,96.77
Query_37082,ATP76283.1,83.871,31,5,0,70,100,194,224,4.55e-09,59.3,100.00
Query_37082,XP_032461337.1,92.308,26,2,0,75,100,183,208,4.61e-09,58.9,100.00
Query_37082,XP_025325178.1,83.871,31,5,0,70,100,194,224,4.69e-09,59.3,100.00
Query_37082,ACJ06781.1,83.871,31,5,0,70,100,193,223,4.74e-09,58.9,100.00
Query_37082,ABL75506.1,83.871,31,5,0,70,100,194,224,4.79e-09,59.3,100.00
Query_37082,CBK44082.1,83.871,31,5,0,70,100,152,182,5.02e-09,58.2,96.77
Query_37082,XP_006870475.1,88.889,27,3,0,74,100,190,216,5.02e-09,58.9,100.00
Query_37082,AGA63703.1,83.871,31,5,0,70,100,194,224,5.05e-09,58.9,100.00
Query_37082,XP_012390904.1,92.308,26,2,0,75,100,199,224,5.20e-09,58.9,100.00
Query_37082,XP_004324936.1,92.308,26,2,0,75,100,199,224,5.20e-09,58.9,100.00
Query_37082,XP_007191762.1,92.308,26,2,0,75,100,199,224,5.20e-09,58.9,100.00
Query_37082,XP_022412191.1,92.308,26,2,0,75,100,199,224,5.20e-09,58.9,100.00
Query_37082,AAZ43083.1,92.308,26,2,0,75,100,199,224,5.20e-09,58.9,100.00
Query_37082,NIG61113.1,92.308,26,2,0,75,100,199,224,5.20e-09,58.9,100.00
Query_37082,XP_007123347.1,92.308,26,2,0,75,100,201,226,5.27e-09,58.9,100.00
Query_37082,PNI62477.1,100.000,28,0,0,70,97,190,217,5.33e-09,58.5,100.00
Query_37082,PNJ14069.1,100.000,28,0,0,70,97,190,217,5.50e-09,58.5,100.00
Query_37082,4YXL_A,83.871,31,5,0,70,100,124,154,5.58e-09,57.8,96.77
Query_37082,BAG32278.1,100.000,28,0,0,70,97,190,217,5.88e-09,58.5,100.00
Query_37082,2MV9_A,86.207,29,4,0,72,100,111,139,6.11e-09,57.4,96.55
Query_37082,P52114.1,83.871,31,5,0,70,100,194,224,6.31e-09,58.9,100.00
Query_37082,ACG63357.1,83.871,31,5,0,70,100,182,212,6.39e-09,58.9,96.77
Query_37082,XP_011830610.1,100.000,28,0,0,70,97,198,225,6.44e-09,58.5,100.00
Query_37082,XP_004772889.1,83.871,31,5,0,70,100,194,224,6.50e-09,58.9,100.00
Query_37082,BAG32279.1,100.000,28,0,0,70,97,190,217,6.52e-09,58.5,100.00
Query_37082,XP_005068717.1,83.871,31,5,0,70,100,190,220,6.57e-09,58.9,96.77
Query_37082,AGA63685.1,83.871,31,5,0,70,100,194,224,6.81e-09,58.5,100.00
Query_37082,ABL75504.1,83.871,31,5,0,70,100,181,211,6.81e-09,58.5,96.77
Query_37082,AAA37092.1,83.871,31,5,0,70,100,176,206,7.11e-09,58.5,96.77
Query_37082,TKC38934.1,92.308,26,2,0,75,100,199,224,7.23e-09,58.9,100.00
Query_37082,AAA37090.1,83.871,31,5,0,70,100,179,209,7.51e-09,58.5,96.77
Query_37082,AGG53962.1,92.857,28,2,0,70,97,95,122,7.71e-09,56.6,100.00
Query_37082,XP_011796428.1,100.000,28,0,0,70,97,224,251,7.84e-09,58.5,100.00
Query_37082,MBW01602.1,92.308,26,2,0,75,100,199,224,7.89e-09,58.5,100.00
Query_37082,AGG68167.1,92.857,28,2,0,70,97,95,122,8.60e-09,56.6,100.00
Query_37082,KAF6358852.1,83.871,31,5,0,70,100,103,133,1.03e-08,57.0,96.77
Query_37082,KAB0395372.1,92.308,26,2,0,75,100,199,224,1.10e-08,58.5,100.00
Query_37082,XP_012583826.1,80.645,31,6,0,70,100,197,227,1.10e-08,58.2,96.77
Query_37082,AAN16515.1,88.889,27,3,0,74,100,165,191,1.14e-08,57.8,100.00
Query_37082,AAN16508.1,92.308,26,2,0,75,100,201,226,1.19e-08,58.2,100.00
Query_37082,TEA37664.1,92.308,26,2,0,75,100,207,232,1.35e-08,58.2,100.00
Query_37082,BAO57152.1,92.308,26,2,0,75,100,185,210,1.67e-08,57.4,100.00
Query_37082,XP_036273826.1,83.871,31,5,0,70,100,181,211,1.87e-08,57.4,96.77
Query_37082,AGA63694.1,80.645,31,6,0,70,100,194,224,1.88e-08,57.8,96.77
Query_37082,AGA63676.1,80.645,31,6,0,70,100,194,224,1.93e-08,57.4,96.77
Query_37082,XP_036273825.1,83.871,31,5,0,70,100,188,218,1.96e-08,57.4,96.77
Query_37082,WP_142922957.1,96.296,27,1,0,70,96,101,127,1.96e-08,55.5,100.00
Query_37082,XP_036273824.1,83.871,31,5,0,70,100,199,229,2.10e-08,57.4,96.77
Query_37082,XP_004276486.2,92.308,26,2,0,75,100,199,224,2.26e-08,57.4,100.00
Query_37082,XP_019797040.1,92.308,26,2,0,75,100,199,224,2.31e-08,57.4,100.00
Query_37082,ABI95848.1,88.462,26,3,0,75,100,198,223,2.36e-08,57.4,100.00
Query_37082,ABI95847.1,88.462,26,3,0,75,100,198,223,2.36e-08,57.4,100.00
Query_37082,AFM91141.1,88.462,26,3,0,75,100,198,223,2.36e-08,57.4,100.00
Query_37082,ABG78494.1,88.462,26,3,0,75,100,198,223,2.36e-08,57.4,100.00
Query_37082,CBY05848.1,88.462,26,3,0,74,99,180,205,2.36e-08,57.0,100.00
Query_37082,XP_032461333.1,92.308,26,2,0,75,100,183,208,2.61e-08,57.0,100.00
Query_37082,XP_016067547.1,83.871,31,5,0,70,100,187,217,2.80e-08,57.0,96.77
Query_37082,2MV8_A,80.000,30,6,0,71,100,106,135,2.81e-08,55.5,93.33
Query_37082,XP_036608321.1,88.462,26,3,0,74,99,189,214,3.19e-08,57.0,100.00
Query_37082,XP_027721125.1,88.462,26,3,0,74,99,196,221,3.35e-08,57.0,100.00
Query_37082,XP_036608320.1,88.462,26,3,0,74,99,199,224,3.39e-08,57.0,100.00
Query_37082,P51780.1,88.462,26,3,0,74,99,199,224,3.39e-08,57.0,100.00
Query_37082,XP_024620015.1,92.308,26,2,0,75,100,199,224,3.39e-08,57.0,100.00
Query_37082,AAT68001.1,88.462,26,3,0,74,99,201,226,3.41e-08,57.0,100.00
Query_37082,XP_003757997.1,88.462,26,3,0,74,99,202,227,3.42e-08,57.0,100.00
Query_37082,XP_020841001.1,88.462,26,3,0,74,99,199,224,3.44e-08,57.0,100.00
Query_37082,NP_001035117.1,88.462,26,3,0,74,99,204,229,3.57e-08,57.0,100.00
Query_37082,XP_016284467.1,88.462,26,3,0,74,99,204,229,3.57e-08,57.0,100.00
Query_37082,XP_027811457.1,80.645,31,6,0,70,100,174,204,3.74e-08,56.6,96.77
Query_37082,XP_015338118.1,80.645,31,6,0,70,100,168,198,3.76e-08,56.6,96.77
Query_37082,KAF7473555.1,80.645,31,6,0,70,100,176,206,4.04e-08,56.6,96.77
Query_37082,BAO57160.1,92.308,26,2,0,75,100,183,208,4.94e-08,56.2,100.00
Query_37082,BAO57153.1,92.308,26,2,0,75,100,185,210,4.97e-08,56.2,100.00
Query_37082,XP_006894284.1,85.185,27,4,0,74,100,197,223,5.02e-08,56.2,100.00
Query_37082,BAO57149.1,92.308,26,2,0,75,100,183,208,5.15e-08,56.2,100.00
Query_37082,ABJ74177.2,92.308,26,2,0,75,100,183,208,5.42e-08,56.2,100.00
Query_37082,ABJ74179.1,92.308,26,2,0,75,100,191,216,5.77e-08,56.2,100.00
Query_37082,XP_007464038.1,92.308,26,2,0,75,100,199,224,5.79e-08,56.2,100.00
Query_37082,ABJ74183.2,92.308,26,2,0,75,100,183,208,5.88e-08,55.8,100.00
Query_37082,XP_007955401.1,81.481,27,5,0,74,100,199,225,5.97e-08,56.2,100.00
Query_37082,XP_028000551.1,80.645,31,6,0,70,100,198,228,6.42e-08,56.2,96.77
Query_37082,AAT68003.1,88.462,26,3,0,74,99,54,79,7.19e-08,53.9,100.00
Query_37082,EPQ12982.1,77.419,31,7,0,70,100,188,218,7.72e-08,56.2,90.32
Query_37082,XP_004697911.1,85.185,27,4,0,74,100,219,245,7.88e-08,55.8,100.00
Query_37082,XP_036101052.1,77.419,31,7,0,70,100,206,236,8.94e-08,55.8,96.77
Query_37082,AAN16512.1,81.481,27,5,0,74,100,198,224,1.03e-07,55.5,100.00
Query_37082,XP_024415385.1,80.645,31,6,0,70,100,198,228,1.14e-07,55.5,93.55
Query_37082,2KFL_A,88.462,26,3,0,74,99,76,101,1.15e-07,53.1,100.00
Query_37082,XP_028380169.1,80.645,31,6,0,70,100,207,237,1.27e-07,55.5,93.55
Query_37082,XP_035865486.1,80.645,31,6,0,70,100,196,226,1.36e-07,55.1,93.55
Query_37082,AAN16514.1,88.889,27,3,0,74,100,184,210,1.40e-07,55.1,100.00
Query_37082,XP_037003731.1,77.419,31,7,0,70,100,195,225,1.73e-07,55.1,90.32
Query_37082,AAN16513.1,81.481,27,5,0,74,100,174,200,1.86e-07,54.7,96.30
Query_37082,XP_037003732.1,77.419,31,7,0,70,100,179,209,1.88e-07,54.7,90.32
Query_37082,AAN16509.1,77.419,31,7,0,70,100,219,249,1.97e-07,54.7,90.32
Query_37082,XP_010589844.1,77.419,31,7,0,70,100,194,224,2.31e-07,54.7,90.32
Query_37082,AAP82662.4,84.615,26,4,0,75,100,198,223,2.40e-07,54.7,96.15
Query_37082,PTG77129.1,77.419,31,7,0,70,100,53,83,3.14e-07,54.3,93.55
Query_37082,AAN16503.1,77.419,31,7,0,70,100,171,201,3.81e-07,53.9,93.55
Query_37082,XP_036907601.1,77.419,31,7,0,70,100,198,228,5.43e-07,53.5,90.32
Query_37082,XP_036907602.1,77.419,31,7,0,70,100,187,217,5.48e-07,53.5,90.32
Query_37082,XP_005320560.1,77.778,27,6,0,74,100,187,213,5.83e-07,53.5,96.30
Query_37082,XP_026241561.1,77.778,27,6,0,74,100,189,215,5.89e-07,53.5,96.30
Query_37082,AAN16502.1,77.419,31,7,0,70,100,171,201,8.97e-07,52.8,90.32
Query_37082,XP_006758121.1,77.419,31,7,0,70,100,196,226,1.07e-06,52.8,90.32
Query_37082,XP_005874740.1,77.419,31,7,0,70,100,188,218,1.10e-06,52.8,90.32
Query_37082,XP_036177161.1,77.419,31,7,0,70,100,197,227,1.11e-06,52.8,90.32
Query_37082,CAL59562.1,77.419,31,7,0,70,100,188,218,1.12e-06,52.8,90.32
Query_37082,XP_006096489.1,77.419,31,7,0,70,100,197,227,1.17e-06,52.8,90.32
Query_37082,ABJ74176.2,84.615,26,4,0,75,100,183,208,1.77e-06,52.0,96.15
Query_37082,AXQ60482.1,92.000,25,2,0,70,94,193,217,2.23e-06,51.6,100.00
Query_37082,AAZ94382.1,88.000,25,3,0,70,94,89,113,2.47e-06,50.1,96.00
Query_37082,XP_004645008.1,70.000,30,9,0,70,99,164,193,2.61e-06,51.6,90.00
Query_37082,VFV39633.1,87.500,24,3,0,70,93,188,211,2.07e-05,48.9,100.00
Query_37082,XP_038602594.1,69.231,26,8,0,74,99,186,211,1.05e-04,47.4,88.46
Query_37082,QNT38225.1,91.304,23,2,0,70,92,164,186,1.99e-04,46.2,100.00
Query_37082,QNT38224.1,91.304,23,2,0,70,92,164,186,2.03e-04,46.2,100.00
Query_37082,QNT38223.1,91.304,23,2,0,70,92,164,186,2.03e-04,46.2,100.00
Query_37082,QNT38228.1,91.304,23,2,0,70,92,164,186,2.06e-04,46.2,100.00
Query_37082,QNT38226.1,91.304,23,2,0,70,92,164,186,2.26e-04,45.8,100.00
Query_37082,QNT38227.1,91.304,23,2,0,70,92,164,186,2.37e-04,45.8,100.00
Query_37082,ADV35884.1,90.909,22,2,0,70,91,164,185,0.001,43.9,100.00
Query_37082,ADV35882.1,90.909,22,2,0,70,91,164,185,0.001,43.9,100.00
Query_37082,ADV35889.1,90.909,22,2,0,70,91,164,185,0.001,43.9,100.00
Query_37082,ADV35888.1,90.909,22,2,0,70,91,164,185,0.001,43.9,100.00
Query_37082,ADV35886.1,90.909,22,2,0,70,91,164,185,0.001,43.9,100.00
Query_37082,ADV35883.1,90.909,22,2,0,70,91,164,185,0.001,43.9,100.00
Query_37082,ADV35881.1,90.909,22,2,0,70,91,164,185,0.001,43.9,100.00
Query_37082,ADV35892.1,90.909,22,2,0,70,91,164,185,0.001,43.9,100.00
Query_37082,ADV35898.1,90.909,22,2,0,70,91,164,185,0.001,43.9,100.00
Query_37082,ADV35897.1,90.909,22,2,0,70,91,164,185,0.001,43.9,100.00
Query_37082,ADV35887.1,90.909,22,2,0,70,91,164,185,0.001,43.9,100.00
Query_37082,XP_028921473.1,68.000,25,8,0,74,98,196,220,0.001,43.9,84.00
Query_37082,XP_028921472.1,68.000,25,8,0,74,98,209,233,0.001,43.9,84.00
Query_37082,AGW16280.1,86.364,22,3,0,70,91,99,120,0.002,42.7,100.00
Query_37082,AGW16277.1,86.364,22,3,0,70,91,99,120,0.002,42.7,100.00
Query_37082,AGX85573.1,86.364,22,3,0,70,91,99,120,0.002,42.7,100.00
Query_37082,AGX85559.1,86.364,22,3,0,70,91,99,120,0.002,42.7,100.00
Query_37082,AGX85561.1,86.364,22,3,0,70,91,99,120,0.002,42.7,100.00
Query_37082,AGX85566.1,86.364,22,3,0,70,91,99,120,0.002,42.7,100.00
Query_37082,AGX85565.1,82.609,23,4,0,70,92,99,121,0.002,42.7,95.65
Query_37082,AGX85575.1,82.609,23,4,0,70,92,99,121,0.002,42.7,95.65
Query_37082,AGX85570.1,86.364,22,3,0,70,91,99,120,0.002,42.7,100.00
Query_37082,AGW16278.1,86.364,22,3,0,70,91,99,120,0.002,42.7,100.00
Query_37082,EHB15880.1,58.065,31,13,0,70,100,45,75,0.002,42.4,83.87
Query_37082,AGX85564.1,86.364,22,3,0,70,91,99,120,0.002,42.7,100.00
Query_37082,AGX85562.1,86.364,22,3,0,70,91,99,120,0.002,42.7,100.00
Query_37082,AGX85574.1,86.364,22,3,0,70,91,99,120,0.002,42.7,100.00
Query_37082,AGW16279.1,90.476,21,2,0,70,90,99,119,0.003,42.0,100.00
Query_37082,AGX85572.1,90.476,21,2,0,70,90,99,119,0.003,42.0,100.00


